数据,时间
9.4825,2011/1/1
9.365,2011/1/2
9.285,2011/1/3
9.222,2011/1/4
9.1775,2011/1/5
9.1575,2011/1/6
9.115,2011/1/7
9.0975,2011/1/8
9.1225,2011/1/9
9.126,2011/1/10
9.115,2011/1/11
9.0725,2011/1/12
9.036,2011/1/13
9.0375,2011/1/14
9.0575,2011/1/15
9.0525,2011/1/16
9.054,2011/1/17
9.045,2011/1/18
9.0475,2011/1/19
9.06,2011/1/20
9.08,2011/1/21
9.08,2011/1/22
9.0975,2011/1/23
9.1425,2011/1/24
9.188,2011/1/25
9.235,2011/1/26
9.275,2011/1/27
9.286,2011/1/28
9.24,2011/1/29
9.18,2011/1/30
9.1475,2011/1/31
9.108,2011/2/1
9.06,2011/2/2
9.0175,2011/2/3
8.955,2011/2/4
8.878,2011/2/5
8.78,2011/2/6
8.6725,2011/2/7
8.5625,2011/2/8
8.4675,2011/2/9
8.425,2011/2/10
8.325,2011/2/11
8.236,2011/2/12
8.1625,2011/2/13
8.0725,2011/2/14
8.0175,2011/2/15
8.0425,2011/2/16
8.1425,2011/2/17
8.262,2011/2/18
8.3775,2011/2/19
8.4875,2011/2/20
8.605,2011/2/21
8.705,2011/2/22
8.776,2011/2/23
8.82,2011/2/24
8.8275,2011/2/25
8.825,2011/2/26
8.7775,2011/2/27
8.7,2011/2/28
8.614,2011/3/1
8.5075,2011/3/2
8.4525,2011/3/3
8.415,2011/3/4
8.4025,2011/3/5
8.4275,2011/3/6
8.442,2011/3/7
8.445,2011/3/8
8.5075,2011/3/9
8.58,2011/3/10
8.67,2011/3/11
8.686,2011/3/12
8.6675,2011/3/13
8.6575,2011/3/14
8.6525,2011/3/15
8.5275,2011/3/16
8.446,2011/3/17
8.375,2011/3/18
8.37,2011/3/19
8.4275,2011/3/20
8.54,2011/3/21
8.6725,2011/3/22
8.812,2011/3/23
9.04,2011/3/24
9.2925,2011/3/25
9.52,2011/3/26
9.6825,2011/3/27
9.7525,2011/3/28
9.7375,2011/3/29
9.6875,2011/3/30
9.644,2011/3/31
9.56,2011/4/1
9.4925,2011/4/2
9.47,2011/4/3
9.39,2011/4/4
9.302,2011/4/5
9.2075,2011/4/6
9.085,2011/4/7
8.9525,2011/4/8
8.856,2011/4/9
8.795,2011/4/10
8.7775,2011/4/11
8.78,2011/4/12
8.77,2011/4/13
8.778,2011/4/14
8.81,2011/4/15
8.875,2011/4/16
8.9625,2011/4/17
9.046,2011/4/18
9.155,2011/4/19
9.2375,2011/4/20
9.29,2011/4/21
9.33,2011/4/22
9.31,2011/4/23
9.285,2011/4/24
9.245,2011/4/25
9.155,2011/4/26
9.05,2011/4/27
8.925,2011/4/28
8.7875,2011/4/29
8.6375,2011/4/30
8.55,2011/5/1
8.488,2011/5/2
8.46,2011/5/3
8.4225,2011/5/4
8.42,2011/5/5
8.458,2011/5/6
8.5375,2011/5/7
8.6275,2011/5/8
8.7175,2011/5/9
8.79,2011/5/10
8.854,2011/5/11
8.8275,2011/5/12
8.800666667,2011/5/13
8.801666667,2011/5/14
8.814166667,2011/5/15
8.8472,2011/5/16
8.954583333,2011/5/17
9.107272727,2011/5/18
9.300833333,2011/5/19
9.513333333,2011/5/20
9.78,2011/5/21
10.03083333,2011/5/22
10.2668,2011/5/23
10.42875,2011/5/24
10.51875,2011/5/25
10.5424,2011/5/26
10.51458333,2011/5/27
10.46583333,2011/5/28
10.4076,2011/5/29
10.32125,2011/5/30
10.20875,2011/5/31
10.08708333,2011/6/1
9.9752,2011/6/2
9.899166667,2011/6/3
9.927083333,2011/6/4
10.03875,2011/6/5
10.21625,2011/6/6
10.534,2011/6/7
10.95375,2011/6/8
11.3772,2011/6/9
11.91791667,2011/6/10
12.4952,2011/6/11
13.09458333,2011/6/12
13.5384,2011/6/13
13.88208333,2011/6/14
14.3608,2011/6/15
14.90041667,2011/6/16
15.436,2011/6/17
15.9176,2011/6/18
16.49083333,2011/6/19
16.8756,2011/6/20
17.07291667,2011/6/21
17.18304348,2011/6/22
17.1724,2011/6/23
17.07583333,2011/6/24
16.92041667,2011/6/25
16.92541667,2011/6/26
16.9004,2011/6/27
16.81041667,2011/6/28
16.79208333,2011/6/29
16.7564,2011/6/30
16.70166667,2011/7/1
16.6525,2011/7/2
16.56833333,2011/7/3
16.4548,2011/7/4
16.33625,2011/7/5
16.19708333,2011/7/6
16.04125,2011/7/7
15.8472,2011/7/8
15.70666667,2011/7/9
15.57875,2011/7/10
15.47791667,2011/7/11
15.40772727,2011/7/12
15.37958333,2011/7/13
15.36583333,2011/7/14
15.36,2011/7/15
15.34083333,2011/7/16
15.29083333,2011/7/17
15.23291667,2011/7/18
15.20041667,2011/7/19
15.1976,2011/7/20
15.15416667,2011/7/21
15.07583333,2011/7/22
14.96041667,2011/7/23
14.81875,2011/7/24
14.6656,2011/7/25
14.49958333,2011/7/26
14.33166667,2011/7/27
14.15041667,2011/7/28
13.9975,2011/7/29
13.8668,2011/7/30
13.71958333,2011/7/31
13.61,2011/8/1
13.51458333,2011/8/2
13.43375,2011/8/3
13.382,2011/8/4
13.3225,2011/8/5
13.28125,2011/8/6
13.265,2011/8/7
13.305,2011/8/8
13.3904,2011/8/9
13.49416667,2011/8/10
13.64291667,2011/8/11
13.79541667,2011/8/12
13.9524,2011/8/13
14.08541667,2011/8/14
14.192,2011/8/15
14.25458333,2011/8/16
14.24791667,2011/8/17
14.21416667,2011/8/18
14.1572,2011/8/19
14.08833333,2011/8/20
13.99041667,2011/8/21
13.88791667,2011/8/22
13.72541667,2011/8/23
13.5925,2011/8/24
13.5328,2011/8/25
13.47708333,2011/8/26
13.36916667,2011/8/27
13.21791667,2011/8/28
13.0516,2011/8/29
12.87125,2011/8/30
12.65125,2011/8/31
12.4825,2011/9/1
12.2936,2011/9/2
12.07833333,2011/9/3
11.86208333,2011/9/4
11.6412,2011/9/5
11.41916667,2011/9/6
11.20541667,2011/9/7
10.995,2011/9/8
10.8028,2011/9/9
10.655,2011/9/10
10.52625,2011/9/11
10.41083333,2011/9/12
10.30583333,2011/9/13
10.244,2011/9/14
10.27875,2011/9/15
10.34083333,2011/9/16
10.45833333,2011/9/17
10.67666667,2011/9/18
10.98833333,2011/9/19
11.2904,2011/9/20
11.56958333,2011/9/21
11.888,2011/9/22
12.21333333,2011/9/23
12.5088,2011/9/24
12.76166667,2011/9/25
12.9256,2011/9/26
13.03375,2011/9/27
13.09625,2011/9/28
13.0368,2011/9/29
12.94833333,2011/9/30
12.89333333,2011/10/1
12.71208333,2011/10/2
12.52125,2011/10/3
12.3356,2011/10/4
12.10666667,2011/10/5
11.8525,2011/10/6
11.61583333,2011/10/7
11.3904,2011/10/8
11.17583333,2011/10/9
10.97583333,2011/10/10
10.77875,2011/10/11
10.61,2011/10/12
10.4296,2011/10/13
10.24041667,2011/10/14
10.07291667,2011/10/15
9.959166667,2011/10/16
9.885714286,2011/10/17
9.89,2011/10/18
9.954166667,2011/10/19
9.999166667,2011/10/20
10.00916667,2011/10/21
9.974,2011/10/22
9.903333333,2011/10/23
9.8675,2011/10/24
9.84375,2011/10/25
9.815,2011/10/26
9.7876,2011/10/27
9.779166667,2011/10/28
9.76,2011/10/29
9.720833333,2011/10/30
9.662083333,2011/10/31
9.575833333,2011/11/1
9.464583333,2011/11/2
9.362916667,2011/11/3
9.269166667,2011/11/4
9.2044,2011/11/5
9.203333333,2011/11/6
9.28375,2011/11/7
9.45375,2011/11/8
9.702916667,2011/11/9
10.0068,2011/11/10
10.34291667,2011/11/11
10.66041667,2011/11/12
10.97083333,2011/11/13
11.2324,2011/11/14
11.41416667,2011/11/15
11.50375,2011/11/16
11.49833333,2011/11/17
11.4224,2011/11/18
11.28916667,2011/11/19
11.09958333,2011/11/20
10.92291667,2011/11/21
10.75,2011/11/22
10.5775,2011/11/23
10.4075,2011/11/24
10.25208333,2011/11/25
10.13333333,2011/11/26
10.0428,2011/11/27
9.949166667,2011/11/28
9.859583333,2011/11/29
9.766666667,2011/11/30
9.6456,2011/12/1
9.465416667,2011/12/2
9.277916667,2011/12/3
9.120833333,2011/12/4
8.98,2011/12/5
8.8612,2011/12/6
8.78375,2011/12/7
8.710416667,2011/12/8
8.630833333,2011/12/9
8.5624,2011/12/10
8.494166667,2011/12/11
8.48,2011/12/12
8.510833333,2011/12/13
8.530833333,2011/12/14
8.5492,2011/12/15
8.545,2011/12/16
8.4875,2011/12/17
8.406666667,2011/12/18
8.325833333,2011/12/19
8.2644,2011/12/20
8.244347826,2011/12/21
8.217916667,2011/12/22
8.171666667,2011/12/23
8.12125,2011/12/24
8.052916667,2011/12/25
8.008333333,2011/12/26
7.992916667,2011/12/27
7.99,2011/12/28
7.995833333,2011/12/29
8,2011/12/30
7.9808,2011/12/31
7.929583333,2012/1/1
7.880416667,2012/1/2
7.83875,2012/1/3
7.797916667,2012/1/4
7.736666667,2012/1/5
7.6896,2012/1/6
7.68,2012/1/7
7.6925,2012/1/8
7.715416667,2012/1/9
7.767083333,2012/1/10
7.8468,2012/1/11
7.907916667,2012/1/12
7.950833333,2012/1/13
7.978333333,2012/1/14
8,2012/1/15
8.0208,2012/1/16
8.033333333,2012/1/17
8.132916667,2012/1/18
8.335833333,2012/1/19
8.6468,2012/1/20
8.975833333,2012/1/21
9.2625,2012/1/22
9.423333333,2012/1/23
9.516,2012/1/24
9.547916667,2012/1/25
9.544583333,2012/1/26
9.53875,2012/1/27
9.532916667,2012/1/28
9.5164,2012/1/29
9.46875,2012/1/30
9.363333333,2012/1/31
9.272916667,2012/2/1
9.2268,2012/2/2
9.094166667,2012/2/3
8.956666667,2012/2/4
8.84875,2012/2/5
8.8316,2012/2/6
8.842083333,2012/2/7
8.863333333,2012/2/8
8.915416667,2012/2/9
8.99,2012/2/10
9.028333333,2012/2/11
9.074166667,2012/2/12
9.12,2012/2/13
9.14,2012/2/14
9.158333333,2012/2/15
9.151666667,2012/2/16
9.093333333,2012/2/17
9.00125,2012/2/18
8.914166667,2012/2/19
8.8332,2012/2/20
8.779166667,2012/2/21
8.759166667,2012/2/22
8.777916667,2012/2/23
8.8412,2012/2/24
8.91,2012/2/25
8.979166667,2012/2/26
9.084583333,2012/2/27
9.195,2012/2/28
9.285416667,2012/2/29
9.3484,2012/3/1
9.425,2012/3/2
9.53875,2012/3/3
9.76625,2012/3/4
10.114,2012/3/5
10.545,2012/3/6
11.1008,2012/3/7
11.788,2012/3/8
12.48583333,2012/3/9
13.0904,2012/3/10
13.545,2012/3/11
13.7804,2012/3/12
13.8625,2012/3/13
13.80958333,2012/3/14
13.67791667,2012/3/15
13.5116,2012/3/16
13.31458333,2012/3/17
13.12125,2012/3/18
12.91958333,2012/3/19
12.71458333,2012/3/20
12.5344,2012/3/21
12.3925,2012/3/22
12.27875,2012/3/23
12.1775,2012/3/24
12.08416667,2012/3/25
11.9788,2012/3/26
11.86375,2012/3/27
11.71833333,2012/3/28
11.53833333,2012/3/29
11.3556,2012/3/30
11.18125,2012/3/31
11.025,2012/4/1
10.8875,2012/4/2
10.79041667,2012/4/3
10.6904,2012/4/4
10.60583333,2012/4/5
10.51583333,2012/4/6
10.46208333,2012/4/7
10.3948,2012/4/8
10.31,2012/4/9
10.23708333,2012/4/10
10.19666667,2012/4/11
10.21625,2012/4/12
10.3032,2012/4/13
10.45916667,2012/4/14
10.68958333,2012/4/15
10.95041667,2012/4/16
11.2636,2012/4/17
11.6275,2012/4/18
11.95125,2012/4/19
12.1852,2012/4/20
12.32875,2012/4/21
12.42958333,2012/4/22
12.49,2012/4/23
12.585,2012/4/24
12.71791667,2012/4/25
12.86166667,2012/4/26
13.05291667,2012/4/27
13.2524,2012/4/28
13.50416667,2012/4/29
13.74833333,2012/4/30
14.0296,2012/5/1
14.28416667,2012/5/2
14.5588,2012/5/3
14.79875,2012/5/4
14.99166667,2012/5/5
15.11666667,2012/5/6
15.1976,2012/5/7
15.30833333,2012/5/8
15.37125,2012/5/9
15.40708333,2012/5/10
15.4776,2012/5/11
15.5525,2012/5/12
15.65458333,2012/5/13
15.88291667,2012/5/14
16.2244,2012/5/15
16.56208333,2012/5/16
16.8032,2012/5/17
16.9675,2012/5/18
17.08875,2012/5/19
17.13791667,2012/5/20
17.1832,2012/5/21
17.2075,2012/5/22
17.13041667,2012/5/23
17.10458333,2012/5/24
17.088,2012/5/25
17.12416667,2012/5/26
17.145,2012/5/27
17.14666667,2012/5/28
17.1352,2012/5/29
17.14625,2012/5/30
17.18541667,2012/5/31
17.24291667,2012/6/1
17.27666667,2012/6/2
17.2856,2012/6/3
17.26583333,2012/6/4
17.23125,2012/6/5
17.20166667,2012/6/6
17.1736,2012/6/7
17.1775,2012/6/8
17.21416667,2012/6/9
17.26958333,2012/6/10
17.352,2012/6/11
17.48583333,2012/6/12
17.63041667,2012/6/13
17.7588,2012/6/14
17.80625,2012/6/15
17.79666667,2012/6/16
17.74375,2012/6/17
17.6788,2012/6/18
17.58708333,2012/6/19
17.48458333,2012/6/20
17.386,2012/6/21
17.25208333,2012/6/22
17.1175,2012/6/23
17.02583333,2012/6/24
17.0112,2012/6/25
17.14333333,2012/6/26
17.37875,2012/6/27
17.65,2012/6/28
17.815,2012/6/29
17.83875,2012/6/30
17.76583333,2012/7/1
17.6468,2012/7/2
17.52916667,2012/7/3
17.42625,2012/7/4
17.3488,2012/7/5
17.28375,2012/7/6
17.21916667,2012/7/7
17.16958333,2012/7/8
17.1408,2012/7/9
17.135,2012/7/10
17.12583333,2012/7/11
17.138,2012/7/12
17.17666667,2012/7/13
17.3032,2012/7/14
17.4548,2012/7/15
17.634,2012/7/16
17.8092,2012/7/17
17.97166667,2012/7/18
18.19041667,2012/7/19
18.3976,2012/7/20
18.54416667,2012/7/21
18.6375,2012/7/22
18.715,2012/7/23
18.7736,2012/7/24
18.8356,2012/7/25
18.89166667,2012/7/26
18.9212,2012/7/27
18.97416667,2012/7/28
18.99666667,2012/7/29
19.0164,2012/7/30
19.02208333,2012/7/31
19.00916667,2012/8/1
18.9604,2012/8/2
18.92791667,2012/8/3
19.0275,2012/8/4
19.0768,2012/8/5
19.00208333,2012/8/6
18.98375,2012/8/7
18.98791667,2012/8/8
18.99458333,2012/8/9
19.078,2012/8/10
19.20125,2012/8/11
19.38958333,2012/8/12
19.4368,2012/8/13
19.32541667,2012/8/14
19.14375,2012/8/15
18.91458333,2012/8/16
18.7684,2012/8/17
18.61625,2012/8/18
18.44125,2012/8/19
18.26125,2012/8/20
18.0728,2012/8/21
17.79,2012/8/22
17.72916667,2012/8/23
17.7172,2012/8/24
17.63625,2012/8/25
17.56416667,2012/8/26
17.42875,2012/8/27
17.30958333,2012/8/28
17.1812,2012/8/29
17.0075,2012/8/30
16.82625,2012/8/31
16.65708333,2012/9/1
16.46,2012/9/2
16.2652,2012/9/3
16.12083333,2012/9/4
16.04125,2012/9/5
15.9748,2012/9/6
15.88583333,2012/9/7
15.80625,2012/9/8
15.7075,2012/9/9
15.684,2012/9/10
15.695,2012/9/11
15.63458333,2012/9/12
15.525,2012/9/13
15.5644,2012/9/14
15.53833333,2012/9/15
15.52375,2012/9/16
15.55083333,2012/9/17
15.5508,2012/9/18
15.51541667,2012/9/19
15.46083333,2012/9/20
15.40708333,2012/9/21
15.3896,2012/9/22
15.3475,2012/9/23
15.34958333,2012/9/24
15.36375,2012/9/25
15.3348,2012/9/26
15.27041667,2012/9/27
15.18166667,2012/9/28
15.0792,2012/9/29
15.02625,2012/9/30
14.90541667,2012/10/1
14.75291667,2012/10/2
14.5804,2012/10/3
14.36958333,2012/10/4
14.12916667,2012/10/5
13.86958333,2012/10/6
13.65583333,2012/10/7
13.4348,2012/10/8
13.24041667,2012/10/9
13.06958333,2012/10/10
12.9036,2012/10/11
12.82708333,2012/10/12
12.77083333,2012/10/13
12.75208333,2012/10/14
12.76333333,2012/10/15
12.7504,2012/10/16
12.72,2012/10/17
12.72708333,2012/10/18
12.66708333,2012/10/19
12.58666667,2012/10/20
12.4748,2012/10/21
12.34625,2012/10/22
12.20333333,2012/10/23
12.02875,2012/10/24
11.8375,2012/10/25
11.6672,2012/10/26
11.495,2012/10/27
11.32625,2012/10/28
11.20333333,2012/10/29
11.09875,2012/10/30
11.0052,2012/10/31
10.88708333,2012/11/1
10.78458333,2012/11/2
10.7325,2012/11/3
10.71041667,2012/11/4
10.66875,2012/11/5
10.618,2012/11/6
10.55125,2012/11/7
10.465,2012/11/8
10.38875,2012/11/9
10.32333333,2012/11/10
10.3192,2012/11/11
10.45625,2012/11/12
10.72708333,2012/11/13
11.02375,2012/11/14
11.2775,2012/11/15
11.4912,2012/11/16
11.62541667,2012/11/17
11.71666667,2012/11/18
11.795,2012/11/19
11.84333333,2012/11/20
11.86,2012/11/21
11.83304348,2012/11/22
11.78958333,2012/11/23
11.77625,2012/11/24
11.76875,2012/11/25
11.7604,2012/11/26
11.74291667,2012/11/27
11.74,2012/11/28
11.72791667,2012/11/29
11.706,2012/11/30
11.68166667,2012/12/1
11.64375,2012/12/2
11.54375,2012/12/3
11.42791667,2012/12/4
11.33958333,2012/12/5
11.2275,2012/12/6
11.12083333,2012/12/7
10.98583333,2012/12/8
10.83375,2012/12/9
10.68916667,2012/12/10
10.5292,2012/12/11
10.35666667,2012/12/12
10.15958333,2012/12/13
9.99875,2012/12/14
9.84875,2012/12/15
9.73,2012/12/16
9.6552,2012/12/17
9.617916667,2012/12/18
9.5775,2012/12/19
9.568333333,2012/12/20
9.5804,2012/12/21
9.59,2012/12/22
9.600833333,2012/12/23
9.589166667,2012/12/24
9.633333333,2012/12/25
9.649583333,2012/12/26
9.6508,2012/12/27
9.6575,2012/12/28
9.76125,2012/12/29
9.831666667,2012/12/30
9.930416667,2012/12/31
10.0916,2013/1/1
10.31416667,2013/1/2
10.52166667,2013/1/3
10.66666667,2013/1/4
10.72583333,2013/1/5
10.72291667,2013/1/6
10.68625,2013/1/7
10.63583333,2013/1/8
10.57,2013/1/9
10.49791667,2013/1/10
10.4152,2013/1/11
10.31708333,2013/1/12
10.22291667,2013/1/13
10.13375,2013/1/14
10.05333333,2013/1/15
9.9948,2013/1/16
9.93625,2013/1/17
9.834166667,2013/1/18
9.72375,2013/1/19
9.638333333,2013/1/20
9.5948,2013/1/21
9.502083333,2013/1/22
9.399166667,2013/1/23
9.331666667,2013/1/24
9.26,2013/1/25
9.186666667,2013/1/26
9.10875,2013/1/27
9.039166667,2013/1/28
8.99,2013/1/29
8.9232,2013/1/30
8.8825,2013/1/31
8.860416667,2013/2/1
8.81625,2013/2/2
8.740416667,2013/2/3
8.6892,2013/2/4
8.610416667,2013/2/5
8.549166667,2013/2/6
8.549166667,2013/2/7
8.5624,2013/2/8
8.532916667,2013/2/9
8.557083333,2013/2/10
8.67375,2013/2/11
8.789583333,2013/2/12
8.849166667,2013/2/13
8.9084,2013/2/14
8.962083333,2013/2/15
8.980833333,2013/2/16
8.985,2013/2/17
8.992916667,2013/2/18
9.02625,2013/2/19
9.0204,2013/2/20
9.025833333,2013/2/21
9.028333333,2013/2/22
9.055833333,2013/2/23
9.080416667,2013/2/24
9.1188,2013/2/25
9.18625,2013/2/26
9.235416667,2013/2/27
9.260416667,2013/2/28
9.372916667,2013/3/1
9.4944,2013/3/2
9.609166667,2013/3/3
9.665,2013/3/4
9.71125,2013/3/5
9.7375,2013/3/6
9.7356,2013/3/7
9.67,2013/3/8
9.564166667,2013/3/9
9.521666667,2013/3/10
9.4425,2013/3/11
9.3228,2013/3/12
9.26125,2013/3/13
9.170416667,2013/3/14
9.082916667,2013/3/15
8.995833333,2013/3/16
8.987083333,2013/3/17
8.991666667,2013/3/18
9.07,2013/3/19
9.246666667,2013/3/20
9.4475,2013/3/21
9.65875,2013/3/22
9.8892,2013/3/23
10.13875,2013/3/24
10.41166667,2013/3/25
10.7096,2013/3/26
11.00625,2013/3/27
11.29541667,2013/3/28
11.6164,2013/3/29
11.92083333,2013/3/30
12.1575,2013/3/31
12.3328,2013/4/1
12.41291667,2013/4/2
12.41458333,2013/4/3
12.37083333,2013/4/4
12.28666667,2013/4/5
12.2284,2013/4/6
12.31291667,2013/4/7
12.52958333,2013/4/8
12.74833333,2013/4/9
12.90666667,2013/4/10
12.9924,2013/4/11
12.98083333,2013/4/12
12.87875,2013/4/13
12.71583333,2013/4/14
12.51458333,2013/4/15
12.3124,2013/4/16
12.09416667,2013/4/17
11.87916667,2013/4/18
11.6625,2013/4/19
11.5272,2013/4/20
11.4,2013/4/21
11.33166667,2013/4/22
11.35458333,2013/4/23
11.376,2013/4/24
11.38875,2013/4/25
11.39,2013/4/26
11.40208333,2013/4/27
11.4492,2013/4/28
11.52166667,2013/4/29
11.68208333,2013/4/30
11.93166667,2013/5/1
12.14125,2013/5/2
12.31541667,2013/5/3
12.44291667,2013/5/4
12.51333333,2013/5/5
12.5332,2013/5/6
12.52083333,2013/5/7
12.57166667,2013/5/8
12.71333333,2013/5/9
12.9028,2013/5/10
13.14916667,2013/5/11
13.43166667,2013/5/12
13.69416667,2013/5/13
13.9044,2013/5/14
14.12333333,2013/5/15
14.32375,2013/5/16
14.6232,2013/5/17
14.98375,2013/5/18
15.31041667,2013/5/19
15.57,2013/5/20
15.75583333,2013/5/21
15.8625,2013/5/22
15.9275,2013/5/23
15.9792,2013/5/24
16.00875,2013/5/25
16.05833333,2013/5/26
16,2013/5/27
16.0172,2013/5/28
15.96833333,2013/5/29
15.98416667,2013/5/30
16.08958333,2013/5/31
16.08208333,2013/6/1
16.0784,2013/6/2
16.11708333,2013/6/3
16.14666667,2013/6/4
16.18458333,2013/6/5
16.19791667,2013/6/6
16.3352,2013/6/7
16.52708333,2013/6/8
16.65833333,2013/6/9
16.69416667,2013/6/10
16.69416667,2013/6/11
16.67333333,2013/6/12
16.676,2013/6/13
16.6825,2013/6/14
16.66375,2013/6/15
16.60375,2013/6/16
16.51,2013/6/17
16.3776,2013/6/18
16.21958333,2013/6/19
16.04583333,2013/6/20
15.86166667,2013/6/21
15.766,2013/6/22
15.63375,2013/6/23
15.49708333,2013/6/24
15.425,2013/6/25
15.35541667,2013/6/26
15.4325,2013/6/27
15.618,2013/6/28
15.85041667,2013/6/29
16.13958333,2013/6/30
16.4552,2013/7/1
16.66416667,2013/7/2
16.7075,2013/7/3
16.6464,2013/7/4
16.52666667,2013/7/5
16.44833333,2013/7/6
16.48833333,2013/7/7
16.6016,2013/7/8
16.58875,2013/7/9
16.51375,2013/7/10
16.4344,2013/7/11
16.34875,2013/7/12
16.20916667,2013/7/13
16.18166667,2013/7/14
16.2888,2013/7/15
16.24958333,2013/7/16
16.27625,2013/7/17
16.2975,2013/7/18
16.2716,2013/7/19
16.22125,2013/7/20
16.19666667,2013/7/21
16.20916667,2013/7/22
16.1968,2013/7/23
16.18875,2013/7/24
16.16958333,2013/7/25
16.14291667,2013/7/26
16.1368,2013/7/27
16.09541667,2013/7/28
16.02916667,2013/7/29
15.95083333,2013/7/30
15.865,2013/7/31
15.7732,2013/8/1
15.66541667,2013/8/2
15.59208333,2013/8/3
15.48833333,2013/8/4
15.40875,2013/8/5
15.32583333,2013/8/6
15.2544,2013/8/7
15.18416667,2013/8/8
15.09458333,2013/8/9
15.00666667,2013/8/10
14.91875,2013/8/11
14.8204,2013/8/12
14.71416667,2013/8/13
14.60625,2013/8/14
14.47291667,2013/8/15
14.3428,2013/8/16
14.20875,2013/8/17
14.06541667,2013/8/18
13.87791667,2013/8/19
13.76916667,2013/8/20
13.6148,2013/8/21
13.42291667,2013/8/22
13.60375,2013/8/23
13.68,2013/8/24
13.76208333,2013/8/25
13.8356,2013/8/26
13.89708333,2013/8/27
13.89958333,2013/8/28
13.86208333,2013/8/29
13.77708333,2013/8/30
13.624,2013/8/31
13.52375,2013/9/1
13.36833333,2013/9/2
13.16333333,2013/9/3
12.97291667,2013/9/4
12.78,2013/9/5
12.61958333,2013/9/6
12.43291667,2013/9/7
12.26416667,2013/9/8
12.11291667,2013/9/9
11.99125,2013/9/10
11.90416667,2013/9/11
11.86041667,2013/9/12
11.80291667,2013/9/13
11.73833333,2013/9/14
11.68708333,2013/9/15
11.6748,2013/9/16
11.62166667,2013/9/17
11.57666667,2013/9/18
11.54583333,2013/9/19
11.53375,2013/9/20
11.55375,2013/9/21
11.5968,2013/9/22
11.67625,2013/9/23
11.70625,2013/9/24
11.75958333,2013/9/25
11.93416667,2013/9/26
12.1316,2013/9/27
12.4575,2013/9/28
12.772,2013/9/29
13.04333333,2013/9/30
13.2852,2013/10/1
13.3975,2013/10/2
13.4216,2013/10/3
13.44583333,2013/10/4
13.38375,2013/10/5
13.2648,2013/10/6
13.11125,2013/10/7
13.02083333,2013/10/8
12.92708333,2013/10/9
12.74291667,2013/10/10
12.5,2013/10/11
12.24083333,2013/10/12
11.96041667,2013/10/13
11.6324,2013/10/14
11.25625,2013/10/15
10.8925,2013/10/16
10.4996,2013/10/17
10.11833333,2013/10/18
9.78875,2013/10/19
9.5175,2013/10/20
9.282,2013/10/21
9.06125,2013/10/22
8.869583333,2013/10/23
8.705833333,2013/10/24
8.5748,2013/10/25
8.44625,2013/10/26
8.324583333,2013/10/27
8.22,2013/10/28
8.144166667,2013/10/29
8.06,2013/10/30
7.9956,2013/10/31
7.974583333,2013/11/1
8.011666667,2013/11/2
8.0675,2013/11/3
8.104166667,2013/11/4
8.125833333,2013/11/5
8.1208,2013/11/6
8.108333333,2013/11/7
8.088333333,2013/11/8
8.070416667,2013/11/9
8.072083333,2013/11/10
8.0625,2013/11/11
7.9868,2013/11/12
7.900833333,2013/11/13
7.855,2013/11/14
7.922083333,2013/11/15
8.115416667,2013/11/16
8.377916667,2013/11/17
8.6032,2013/11/18
8.767916667,2013/11/19
8.84375,2013/11/20
8.848333333,2013/11/21
8.826666667,2013/11/22
8.767083333,2013/11/23
8.653333333,2013/11/24
8.5076,2013/11/25
8.353333333,2013/11/26
8.268333333,2013/11/27
8.17125,2013/11/28
8.0664,2013/11/29
7.959166667,2013/11/30
7.915833333,2013/12/1
7.889583333,2013/12/2
7.862916667,2013/12/3
7.8416,2013/12/4
7.80625,2013/12/5
7.77375,2013/12/6
7.710833333,2013/12/7
7.645833333,2013/12/8
7.62625,2013/12/9
7.5476,2013/12/10
7.479583333,2013/12/11
7.3925,2013/12/12
7.323333333,2013/12/13
7.278333333,2013/12/14
7.277916667,2013/12/15
7.3536,2013/12/16
7.45,2013/12/17
7.501666667,2013/12/18
7.621666667,2013/12/19
7.882916667,2013/12/20
8.175416667,2013/12/21
8.4128,2013/12/22
8.547916667,2013/12/23
8.571666667,2013/12/24
8.495416667,2013/12/25
8.3948,2013/12/26
8.283333333,2013/12/27
8.155416667,2013/12/28
7.999583333,2013/12/29
7.875294118,2013/12/30
7.74,2013/12/31
7.664166667,2014/1/1
7.586666667,2014/1/2
7.5475,2014/1/3
7.53875,2014/1/4
7.546,2014/1/5
7.5725,2014/1/6
7.592083333,2014/1/7
7.60125,2014/1/8
7.591666667,2014/1/9
7.5972,2014/1/10
7.599166667,2014/1/11
7.59875,2014/1/12
7.6,2014/1/13
7.617083333,2014/1/14
7.652083333,2014/1/15
7.684,2014/1/16
7.719166667,2014/1/17
7.790416667,2014/1/18
7.79125,2014/1/19
7.795833333,2014/1/20
7.7775,2014/1/21
7.746666667,2014/1/22
7.6912,2014/1/23
7.640833333,2014/1/24
7.620833333,2014/1/25
7.602916667,2014/1/26
7.542083333,2014/1/27
7.45875,2014/1/28
7.402,2014/1/29
7.34875,2014/1/30
7.31125,2014/1/31
7.321666667,2014/2/1
7.347083333,2014/2/2
7.3825,2014/2/3
7.462083333,2014/2/4
7.436666667,2014/2/5
7.3728,2014/2/6
7.346666667,2014/2/7
7.33375,2014/2/8
7.32625,2014/2/9
7.322083333,2014/2/10
7.294583333,2014/2/11
7.292,2014/2/12
7.345,2014/2/13
7.402916667,2014/2/14
7.454583333,2014/2/15
7.512083333,2014/2/16
7.584583333,2014/2/17
7.654,2014/2/18
7.6975,2014/2/19
7.699583333,2014/2/20
7.70875,2014/2/21
7.767916667,2014/2/22
7.83625,2014/2/23
7.8856,2014/2/24
7.930416667,2014/2/25
7.97125,2014/2/26
8.064583333,2014/2/27
8.267916667,2014/2/28
8.5592,2014/3/1
8.82625,2014/3/2
9.067083333,2014/3/3
9.3084,2014/3/4
9.512916667,2014/3/5
9.685,2014/3/6
9.759583333,2014/3/7
9.762083333,2014/3/8
9.7424,2014/3/9
9.72875,2014/3/10
9.739583333,2014/3/11
9.802083333,2014/3/12
9.90125,2014/3/13
9.9488,2014/3/14
10.05291667,2014/3/15
10.1725,2014/3/16
10.25916667,2014/3/17
10.30125,2014/3/18
10.3216,2014/3/19
10.27375,2014/3/20
10.14625,2014/3/21
10.00333333,2014/3/22
9.835833333,2014/3/23
9.670416667,2014/3/24
9.5228,2014/3/25
9.357083333,2014/3/26
9.207083333,2014/3/27
9.08875,2014/3/28
9.047916667,2014/3/29
9.099583333,2014/3/30
9.3272,2014/3/31
9.620416667,2014/4/1
9.897083333,2014/4/2
10.1124,2014/4/3
10.24625,2014/4/4
10.33083333,2014/4/5
10.37291667,2014/4/6
10.37916667,2014/4/7
10.3088,2014/4/8
10.21333333,2014/4/9
10.135,2014/4/10
10.09375,2014/4/11
10.1175,2014/4/12
10.18416667,2014/4/13
10.2684,2014/4/14
10.39458333,2014/4/15
10.54875,2014/4/16
10.71708333,2014/4/17
10.8692,2014/4/18
11.04333333,2014/4/19
11.17791667,2014/4/20
11.315,2014/4/21
11.52458333,2014/4/22
11.7308,2014/4/23
11.86833333,2014/4/24
12.00208333,2014/4/25
12.1544,2014/4/26
12.35458333,2014/4/27
12.59625,2014/4/28
12.8196,2014/4/29
12.95833333,2014/4/30
13.01208333,2014/5/1
13.01625,2014/5/2
12.966,2014/5/3
12.92583333,2014/5/4
12.85666667,2014/5/5
12.78583333,2014/5/6
12.73375,2014/5/7
12.7084,2014/5/8
12.73166667,2014/5/9
12.84041667,2014/5/10
13.09291667,2014/5/11
13.3868,2014/5/12
13.6625,2014/5/13
13.948,2014/5/14
14.19208333,2014/5/15
14.43166667,2014/5/16
14.6192,2014/5/17
14.84666667,2014/5/18
15.06291667,2014/5/19
15.2496,2014/5/20
15.37583333,2014/5/21
15.43791667,2014/5/22
15.45583333,2014/5/23
15.4956,2014/5/24
15.59708333,2014/5/25
15.70833333,2014/5/26
15.8276,2014/5/27
15.97208333,2014/5/28
16.0925,2014/5/29
16.14958333,2014/5/30
16.172,2014/5/31
16.19458333,2014/6/1
16.22541667,2014/6/2
16.225,2014/6/3
16.22958333,2014/6/4
16.2204,2014/6/5
16.17125,2014/6/6
16.10541667,2014/6/7
16.04583333,2014/6/8
16.016,2014/6/9
15.99125,2014/6/10
15.93291667,2014/6/11
15.86833333,2014/6/12
15.7736,2014/6/13
15.67458333,2014/6/14
15.52916667,2014/6/15
15.3265,2014/6/16
15.1772,2014/6/17
15.03458333,2014/6/18
14.88695652,2014/6/19
14.745,2014/6/20
14.63,2014/6/21
14.72208333,2014/6/22
15.0425,2014/6/23
15.4704,2014/6/24
15.8775,2014/6/25
16.1632,2014/6/26
16.32208333,2014/6/27
16.40125,2014/6/28
16.4708,2014/6/29
16.52333333,2014/6/30
16.5225,2014/7/1
16.49791667,2014/7/2
16.5092,2014/7/3
16.53041667,2014/7/4
16.655,2014/7/5
16.86,2014/7/6
16.99708333,2014/7/7
17.0756,2014/7/8
17.11541667,2014/7/9
17.14666667,2014/7/10
17.1468,2014/7/11
17.17458333,2014/7/12
17.20916667,2014/7/13
17.3668,2014/7/14
17.51375,2014/7/15
17.66583333,2014/7/16
17.92541667,2014/7/17
18.1408,2014/7/18
18.245,2014/7/19
18.32375,2014/7/20
18.4156,2014/7/21
18.47708333,2014/7/22
18.46833333,2014/7/23
18.4476,2014/7/24
18.55333333,2014/7/25
18.5792,2014/7/26
18.57583333,2014/7/27
18.52125,2014/7/28
18.42333333,2014/7/29
18.3026087,2014/7/30
18.1425,2014/7/31
17.9816,2014/8/1
17.81291667,2014/8/2
17.6704,2014/8/3
17.48875,2014/8/4
17.29458333,2014/8/5
17.092,2014/8/6
16.885,2014/8/7
16.626,2014/8/8
16.48875,2014/8/9
16.36541667,2014/8/10
16.22208333,2014/8/11
16.0944,2014/8/12
16.02166667,2014/8/13
16.005,2014/8/14
16.03375,2014/8/15
16.0696,2014/8/16
16.0525,2014/8/17
16.0425,2014/8/18
16.0625,2014/8/19
16.0844,2014/8/20
16.18583333,2014/8/21
16.28625,2014/8/22
16.36833333,2014/8/23
16.40666667,2014/8/24
16.412,2014/8/25
16.4,2014/8/26
16.42583333,2014/8/27
16.39416667,2014/8/28
16.3988,2014/8/29
16.37,2014/8/30
16.38541667,2014/8/31
16.36958333,2014/9/1
16.3844,2014/9/2
16.40166667,2014/9/3
16.42208333,2014/9/4
16.4684,2014/9/5
16.48125,2014/9/6
16.49041667,2014/9/7
16.48125,2014/9/8
16.4216,2014/9/9
16.39083333,2014/9/10
16.35583333,2014/9/11
16.34695652,2014/9/12
16.18708333,2014/9/13
16.198,2014/9/14
16.185,2014/9/15
16.14416667,2014/9/16
16.1725,2014/9/17
16.095,2014/9/18
16.09,2014/9/19
16.18666667,2014/9/20
16.22166667,2014/9/21
16.3012,2014/9/22
16.44583333,2014/9/23
16.5576,2014/9/24
16.60958333,2014/9/25
16.6332,2014/9/26
16.58916667,2014/9/27
16.53541667,2014/9/28
16.425,2014/9/29
16.2716,2014/9/30
16.27833333,2014/10/1
16.22541667,2014/10/2
16.09041667,2014/10/3
15.9525,2014/10/4
15.7856,2014/10/5
15.63916667,2014/10/6
15.48083333,2014/10/7
15.32916667,2014/10/8
15.13916667,2014/10/9
14.9152,2014/10/10
14.75333333,2014/10/11
14.54458333,2014/10/12
14.3375,2014/10/13
14.1688,2014/10/14
13.9425,2014/10/15
13.67333333,2014/10/16
13.3884,2014/10/17
13.10083333,2014/10/18
12.79333333,2014/10/19
12.4836,2014/10/20
12.16791667,2014/10/21
11.86833333,2014/10/22
11.6216,2014/10/23
11.36958333,2014/10/24
11.11708333,2014/10/25
10.866,2014/10/26
10.63541667,2014/10/27
10.45416667,2014/10/28
10.3025,2014/10/29
10.268,2014/10/30
10.38291667,2014/10/31
10.7325,2014/11/1
11.2288,2014/11/2
11.65583333,2014/11/3
12.0408,2014/11/4
12.33833333,2014/11/5
12.534,2014/11/6
12.67708333,2014/11/7
12.7792,2014/11/8
12.88291667,2014/11/9
12.9104,2014/11/10
12.9075,2014/11/11
12.85458333,2014/11/12
12.76833333,2014/11/13
12.6768,2014/11/14
12.5075,2014/11/15
12.3225,2014/11/16
12.10083333,2014/11/17
11.9008,2014/11/18
11.66708333,2014/11/19
11.37125,2014/11/20
11.0556,2014/11/21
10.72583333,2014/11/22
10.4075,2014/11/23
10.1592,2014/11/24
9.98,2014/11/25
9.822083333,2014/11/26
9.659583333,2014/11/27
9.5852,2014/11/28
9.544583333,2014/11/29
9.582916667,2014/11/30
9.694583333,2014/12/1
9.824,2014/12/2
9.988333333,2014/12/3
10.135,2014/12/4
10.2604,2014/12/5
10.36916667,2014/12/6
10.46958333,2014/12/7
10.54208333,2014/12/8
10.62833333,2014/12/9
10.6736,2014/12/10
10.67458333,2014/12/11
10.625,2014/12/12
10.50333333,2014/12/13
10.34791667,2014/12/14
10.1764,2014/12/15
10.00458333,2014/12/16
9.774583333,2014/12/17
9.554166667,2014/12/18
9.3528,2014/12/19
9.185833333,2014/12/20
9.056666667,2014/12/21
8.90125,2014/12/22
8.744166667,2014/12/23
8.632083333,2014/12/24
8.558,2014/12/25
8.494166667,2014/12/26
8.410833333,2014/12/27
8.329166667,2014/12/28
8.249583333,2014/12/29
8.1952,2014/12/30
8.196666667,2014/12/31
8.177916667,2015/1/1
8.140416667,2015/1/2
8.089166667,2015/1/3
8.0344,2015/1/4
7.98125,2015/1/5
7.97125,2015/1/6
7.9425,2015/1/7
7.873333333,2015/1/8
7.8252,2015/1/9
7.775416667,2015/1/10
7.735833333,2015/1/11
7.734583333,2015/1/12
7.719166667,2015/1/13
7.6944,2015/1/14
7.665416667,2015/1/15
7.629166667,2015/1/16
7.605,2015/1/17
7.595416667,2015/1/18
7.592083333,2015/1/19
7.6156,2015/1/20
7.683333333,2015/1/21
7.7475,2015/1/22
7.77,2015/1/23
7.827916667,2015/1/24
7.881666667,2015/1/25
7.9008,2015/1/26
7.928333333,2015/1/27
7.960416667,2015/1/28
7.915416667,2015/1/29
7.849583333,2015/1/30
7.785,2015/1/31
7.739583333,2015/2/1
7.7228,2015/2/2
7.751666667,2015/2/3
7.775416667,2015/2/4
7.771666667,2015/2/5
7.7568,2015/2/6
7.763333333,2015/2/7
7.78125,2015/2/8
7.797916667,2015/2/9
7.757083333,2015/2/10
7.6872,2015/2/11
7.630833333,2015/2/12
7.597083333,2015/2/13
7.575,2015/2/14
7.53375,2015/2/15
7.504166667,2015/2/16
7.4892,2015/2/17
7.515833333,2015/2/18
7.563333333,2015/2/19
7.636666667,2015/2/20
7.737916667,2015/2/21
7.8584,2015/2/22
7.995,2015/2/23
8.076666667,2015/2/24
8.195416667,2015/2/25
8.364583333,2015/2/26
8.610416667,2015/2/27
9.0228,2015/2/28
9.49625,2015/3/1
9.8604,2015/3/2
10.175,2015/3/3
10.39875,2015/3/4
10.57916667,2015/3/5
10.69041667,2015/3/6
10.74291667,2015/3/7
10.79541667,2015/3/8
10.8504,2015/3/9
10.91875,2015/3/10
10.9932,2015/3/11
11.00125,2015/3/12
10.95583333,2015/3/13
10.88875,2015/3/14
10.79416667,2015/3/15
10.68916667,2015/3/16
10.6073913,2015/3/17
10.65916667,2015/3/18
10.81958333,2015/3/19
11.00041667,2015/3/20
11.13125,2015/3/21
11.19916667,2015/3/22
11.2296,2015/3/23
11.21125,2015/3/24
11.17083333,2015/3/25
11.08291667,2015/3/26
10.96041667,2015/3/27
10.79958333,2015/3/28
10.62416667,2015/3/29
10.5124,2015/3/30
10.435,2015/3/31
10.45041667,2015/4/1
10.57125,2015/4/2
10.84583333,2015/4/3
11.2216,2015/4/4
11.71958333,2015/4/5
12.3224,2015/4/6
12.88791667,2015/4/7
13.3452,2015/4/8
13.63416667,2015/4/9
13.7984,2015/4/10
13.89,2015/4/11
13.91583333,2015/4/12
13.85916667,2015/4/13
13.7825,2015/4/14
13.6776,2015/4/15
13.52,2015/4/16
13.31958333,2015/4/17
13.10666667,2015/4/18
12.8568,2015/4/19
12.60291667,2015/4/20
12.39041667,2015/4/21
12.23208333,2015/4/22
12.1168,2015/4/23
12.02083333,2015/4/24
11.92791667,2015/4/25
11.85041667,2015/4/26
11.76875,2015/4/27
11.66583333,2015/4/28
11.5688,2015/4/29
11.50083333,2015/4/30
11.45708333,2015/5/1
11.45913043,2015/5/2
11.50541667,2015/5/3
11.56625,2015/5/4
11.6492,2015/5/5
11.72291667,2015/5/6
11.76833333,2015/5/7
11.83,2015/5/8
11.95541667,2015/5/9
12.10291667,2015/5/10
12.3228,2015/5/11
12.55708333,2015/5/12
12.81875,2015/5/13
13.106,2015/5/14
13.44541667,2015/5/15
13.86125,2015/5/16
14.2568,2015/5/17
14.57166667,2015/5/18
14.8516,2015/5/19
15.03,2015/5/20
15.18958333,2015/5/21
15.3648,2015/5/22
15.43583333,2015/5/23
15.50875,2015/5/24
15.58333333,2015/5/25
15.58416667,2015/5/26
15.5476,2015/5/27
15.45208333,2015/5/28
15.38791667,2015/5/29
15.39541667,2015/5/30
15.50625,2015/5/31
15.6276,2015/6/1
15.755,2015/6/2
15.85458333,2015/6/3
16.1076,2015/6/4
16.35416667,2015/6/5
16.54916667,2015/6/6
16.65666667,2015/6/7
16.84458333,2015/6/8
17.0932,2015/6/9
17.31208333,2015/6/10
17.51958333,2015/6/11
17.72208333,2015/6/12
17.9224,2015/6/13
18.08,2015/6/14
18.20958333,2015/6/15
18.395,2015/6/16
18.58916667,2015/6/17
18.79,2015/6/18
18.93583333,2015/6/19
19.05041667,2015/6/20
19.07958333,2015/6/21
19.16875,2015/6/22
19.2664,2015/6/23
19.30958333,2015/6/24
19.26458333,2015/6/25
19.15875,2015/6/26
19.0508,2015/6/27
18.91208955,2015/6/28
18.86164179,2015/6/29
18.73125,2015/6/30
18.5764,2015/7/1
18.5475,2015/7/2
18.47333333,2015/7/3
18.38416667,2015/7/4
18.45791667,2015/7/5
18.512,2015/7/6
18.58416667,2015/7/7
18.60958333,2015/7/8
18.57375,2015/7/9
18.51916667,2015/7/10
18.45625,2015/7/11
18.42,2015/7/12
18.28791667,2015/7/13
18.1125,2015/7/14
17.92833333,2015/7/15
17.7492,2015/7/16
17.61291667,2015/7/17
17.5126087,2015/7/18
17.3756,2015/7/19
17.2575,2015/7/20
17.19083333,2015/7/21
17.08583333,2015/7/22
16.98541667,2015/7/23
16.99208333,2015/7/24
17.0996,2015/7/25
17.15541667,2015/7/26
17.16416667,2015/7/27
17.1225,2015/7/28
17.01833333,2015/7/29
16.8852,2015/7/30
16.70625,2015/7/31
16.51833333,2015/8/1
16.3225,2015/8/2
16.114,2015/8/3
15.87875,2015/8/4
15.63375,2015/8/5
15.3596,2015/8/6
15.05291667,2015/8/7
14.71125,2015/8/8
14.3325,2015/8/9
14.2688,2015/8/10
14.08833333,2015/8/11
13.91375,2015/8/12
13.76291667,2015/8/13
13.6128,2015/8/14
13.45416667,2015/8/15
13.33083333,2015/8/16
13.295,2015/8/17
13.29375,2015/8/18
13.3024,2015/8/19
13.34166667,2015/8/20
13.40125,2015/8/21
13.4275,2015/8/22
13.42958333,2015/8/23
13.4548,2015/8/24
13.45166667,2015/8/25
13.41833333,2015/8/26
13.36458333,2015/8/27
13.2896,2015/8/28
13.23291667,2015/8/29
13.17291667,2015/8/30
13.15333333,2015/8/31
13.14333333,2015/9/1
13.14625,2015/9/2
13.17916667,2015/9/3
13.2,2015/9/4
13.215,2015/9/5
13.2524,2015/9/6
13.29416667,2015/9/7
13.34416667,2015/9/8
13.38916667,2015/9/9
13.4325,2015/9/10
13.49045455,2015/9/11
13.49416667,2015/9/12
13.55125,2015/9/13
13.59916667,2015/9/14
13.64208333,2015/9/15
13.6575,2015/9/16
13.68625,2015/9/17
13.66833333,2015/9/18
13.67416667,2015/9/19
13.68041667,2015/9/20
13.6908,2015/9/21
13.69708333,2015/9/22
13.69291667,2015/9/23
13.695,2015/9/24
13.6468,2015/9/25
13.71291667,2015/9/26
13.73666667,2015/9/27
13.72125,2015/9/28
13.61,2015/9/29
13.6896,2015/9/30
13.73916667,2015/10/1
13.75958333,2015/10/2
13.73041667,2015/10/3
13.60125,2015/10/4
13.512,2015/10/5
13.4375,2015/10/6
13.38875,2015/10/7
13.31375,2015/10/8
13.27708333,2015/10/9
13.2788,2015/10/10
13.265,2015/10/11
13.26833333,2015/10/12
13.25875,2015/10/13
13.21208333,2015/10/14
13.1304,2015/10/15
13.00625,2015/10/16
12.86833333,2015/10/17
12.70791667,2015/10/18
12.5392,2015/10/19
12.37916667,2015/10/20
12.21416667,2015/10/21
12.04583333,2015/10/22
11.87,2015/10/23
11.61865,2015/10/24
11.41607639,2015/10/25
11.24651786,2015/10/26
10.9696,2015/10/27
10.73875,2015/10/28
10.53833333,2015/10/29
10.39958333,2015/10/30
10.2852,2015/10/31
10.20583333,2015/11/1
10.20666667,2015/11/2
10.31125,2015/11/3
10.4776,2015/11/4
10.64958333,2015/11/5
10.79333333,2015/11/6
10.91625,2015/11/7
11.01666667,2015/11/8
11.07291667,2015/11/9
11.0928,2015/11/10
11.12916667,2015/11/11
11.16833333,2015/11/12
11.2375,2015/11/13
11.38791667,2015/11/14
11.69041667,2015/11/15
12.132,2015/11/16
12.57916667,2015/11/17
13.0736,2015/11/18
13.54625,2015/11/19
14.0012,2015/11/20
14.37875,2015/11/21
14.56875,2015/11/22
14.5752,2015/11/23
14.46666667,2015/11/24
14.37625,2015/11/25
14.32375,2015/11/26
14.1672,2015/11/27
13.98708333,2015/11/28
13.77125,2015/11/29
13.53208333,2015/11/30
13.2832,2015/12/1
13.02791667,2015/12/2
12.7875,2015/12/3
12.5472,2015/12/4
12.3175,2015/12/5
12.12,2015/12/6
12.0075,2015/12/7
11.9944,2015/12/8
12.10958333,2015/12/9
12.265,2015/12/10
12.39708333,2015/12/11
12.525,2015/12/12
12.6025,2015/12/13
12.6752,2015/12/14
12.70541667,2015/12/15
12.71375,2015/12/16
12.69541667,2015/12/17
12.6744,2015/12/18
12.635,2015/12/19
12.57875,2015/12/20
12.47333333,2015/12/21
12.32875,2015/12/22
12.17708333,2015/12/23
12.0068,2015/12/24
11.87958333,2015/12/25
11.79666667,2015/12/26
11.76666667,2015/12/27
11.745,2015/12/28
11.715,2015/12/29
11.62916667,2015/12/30
11.478,2015/12/31
11.31083333,2016/1/1
11.1175,2016/1/2
10.90958333,2016/1/3
10.7175,2016/1/4
10.558,2016/1/5
10.43166667,2016/1/6
10.32416667,2016/1/7
10.22333333,2016/1/8
10.166,2016/1/9
10.16708333,2016/1/10
10.19291667,2016/1/11
10.24875,2016/1/12
10.3575,2016/1/13
10.52,2016/1/14
10.6976,2016/1/15
10.84833333,2016/1/16
10.97280702,2016/1/17
11.01195652,2016/1/18
11.0132,2016/1/19
11.01166667,2016/1/20
10.99166667,2016/1/21
10.98416667,2016/1/22
10.99708333,2016/1/23
10.98125,2016/1/24
10.9116,2016/1/25
10.88416667,2016/1/26
10.91291667,2016/1/27
11.00916667,2016/1/28
11.10375,2016/1/29
11.17875,2016/1/30
11.2448,2016/1/31
11.3425,2016/2/1
11.47375,2016/2/2
11.59458333,2016/2/3
11.69083333,2016/2/4
11.76833333,2016/2/5
11.7792,2016/2/6
11.71208333,2016/2/7
11.62666667,2016/2/8
11.51875,2016/2/9
11.38583333,2016/2/10
11.248,2016/2/11
11.0825,2016/2/12
10.91666667,2016/2/13
10.72833333,2016/2/14
10.51625,2016/2/15
10.2976,2016/2/16
10.12458333,2016/2/17
10.01041667,2016/2/18
9.9325,2016/2/19
9.873333333,2016/2/20
9.817083333,2016/2/21
9.8292,2016/2/22
9.864166667,2016/2/23
9.90625,2016/2/24
9.969166667,2016/2/25
10.0184,2016/2/26
10.04875,2016/2/27
10.06541667,2016/2/28
10.07833333,2016/2/29
10.03625,2016/3/1
9.949166667,2016/3/2
9.83375,2016/3/3
9.7,2016/3/4
9.555833333,2016/3/5
9.430416667,2016/3/6
9.345416667,2016/3/7
9.364583333,2016/3/8
9.547916667,2016/3/9
9.7548,2016/3/10
9.912916667,2016/3/11
10.09666667,2016/3/12
10.36791667,2016/3/13
10.6268,2016/3/14
10.83125,2016/3/15
10.99125,2016/3/16
11.0668,2016/3/17
11.07541667,2016/3/18
11.06458333,2016/3/19
11.07291667,2016/3/20
11.11333333,2016/3/21
11.17083333,2016/3/22
11.2925,2016/3/23
11.56625,2016/3/24
12.0072,2016/3/25
12.49083333,2016/3/26
12.8768,2016/3/27
13.09875,2016/3/28
13.15916667,2016/3/29
13.10291667,2016/3/30
12.99173913,2016/3/31
12.8412,2016/4/1
12.69708333,2016/4/2
12.58416667,2016/4/3
12.50833333,2016/4/4
12.46833333,2016/4/5
12.4912,2016/4/6
12.7675,2016/4/7
13.00625,2016/4/8
13.15958333,2016/4/9
13.32375,2016/4/10
13.54458333,2016/4/11
13.7992,2016/4/12
14.03125,2016/4/13
14.2495,2016/4/14
14.4232,2016/4/15
14.59041667,2016/4/16
14.75541667,2016/4/17
14.9692,2016/4/18
15.19958333,2016/4/19
15.46666667,2016/4/20
15.8028,2016/4/21
16.175,2016/4/22
16.49041667,2016/4/23
16.6956,2016/4/24
16.86541667,2016/4/25
16.93291667,2016/4/26
16.97375,2016/4/27
17.00608696,2016/4/28
17.06416667,2016/4/29
17.06666667,2016/4/30
17.02227273,2016/5/1
16.96333333,2016/5/2
16.8975,2016/5/3
16.9084,2016/5/4
16.89391304,2016/5/5
16.88166667,2016/5/6
16.84541667,2016/5/7
16.87541667,2016/5/8
16.9512,2016/5/9
17.10875,2016/5/10
17.37583333,2016/5/11
17.6676,2016/5/12
17.72875,2016/5/13
17.76666667,2016/5/14
17.745,2016/5/15
17.7056,2016/5/16
17.67958333,2016/5/17
17.61708333,2016/5/18
17.5252,2016/5/19
17.415,2016/5/20
17.34875,2016/5/21
17.40541667,2016/5/22
17.5675,2016/5/23
17.6852,2016/5/24
17.70166667,2016/5/25
17.67375,2016/5/26
17.64291667,2016/5/27
17.63916667,2016/5/28
17.63166667,2016/5/29
17.6296,2016/5/30
17.61291667,2016/5/31
17.56125,2016/6/1
17.56333333,2016/6/2
17.7116,2016/6/3
17.90541667,2016/6/4
18.06208333,2016/6/5
18.12,2016/6/6
18.05833333,2016/6/7
17.974,2016/6/8
17.87791667,2016/6/9
17.78333333,2016/6/10
17.66375,2016/6/11
17.52458333,2016/6/12
17.48916667,2016/6/13
17.4516,2016/6/14
17.40083333,2016/6/15
17.38458333,2016/6/16
17.4425,2016/6/17
17.52708333,2016/6/18
17.67083333,2016/6/19
18.0684,2016/6/20
18.30791667,2016/6/21
18.36291667,2016/6/22
18.2944,2016/6/23
18.18583333,2016/6/24
18.03666667,2016/6/25
18.07041667,2016/6/26
18.0464,2016/6/27
18.05375,2016/6/28
18.1836,2016/6/29
18.25958333,2016/6/30
18.442,2016/7/1
18.8328,2016/7/2
19.3536,2016/7/3
19.8448,2016/7/4
20.3664,2016/7/5
20.74875,2016/7/6
21.0492,2016/7/7
21.2084,2016/7/8
21.27916667,2016/7/9
21.2724,2016/7/10
21.30333333,2016/7/11
21.27916667,2016/7/12
21.20833333,2016/7/13
21.1176,2016/7/14
21.01458333,2016/7/15
20.915,2016/7/16
20.87208333,2016/7/17
20.79,2016/7/18
20.7356,2016/7/19
20.75916667,2016/7/20
20.77458333,2016/7/21
20.74208333,2016/7/22
20.6604,2016/7/23
20.56333333,2016/7/24
20.43791667,2016/7/25
20.30958333,2016/7/26
20.18,2016/7/27
20.0372,2016/7/28
19.88416667,2016/7/29
19.73333333,2016/7/30
19.585,2016/7/31
19.4388,2016/8/1
19.31916667,2016/8/2
19.19541667,2016/8/3
19.10791667,2016/8/4
19.0004,2016/8/5
18.89375,2016/8/6
18.82541667,2016/8/7
18.76,2016/8/8
18.68041667,2016/8/9
18.6292,2016/8/10
18.58,2016/8/11
18.51875,2016/8/12
18.45041667,2016/8/13
18.36958333,2016/8/14
18.2772,2016/8/15
18.16541667,2016/8/16
18.06958333,2016/8/17
17.96916667,2016/8/18
17.84625,2016/8/19
17.69375,2016/8/20
17.5088,2016/8/21
17.3725,2016/8/22
17.23,2016/8/23
17.07166667,2016/8/24
16.9048,2016/8/25
16.635,2016/8/26
16.43916667,2016/8/27
16.31666667,2016/8/28
16.1792,2016/8/29
16.00625,2016/8/30
15.83916667,2016/8/31
15.63083333,2016/9/1
15.37708333,2016/9/2
15.09958333,2016/9/3
14.83416667,2016/9/4
14.57,2016/9/5
14.28708333,2016/9/6
14.00666667,2016/9/7
13.71541667,2016/9/8
13.39625,2016/9/9
13.07333333,2016/9/10
12.78958333,2016/9/11
12.5152,2016/9/12
12.32041667,2016/9/13
12.19708333,2016/9/14
12.08666667,2016/9/15
12.0912,2016/9/16
12.01833333,2016/9/17
11.85333333,2016/9/18
11.65583333,2016/9/19
11.44833333,2016/9/20
11.2208,2016/9/21
10.97333333,2016/9/22
10.72041667,2016/9/23
10.47833333,2016/9/24
10.25625,2016/9/25
10.0644,2016/9/26
9.900416667,2016/9/27
9.8,2016/9/28
9.93875,2016/9/29
10.10041667,2016/9/30
10.2816,2016/10/1
10.54333333,2016/10/2
10.74166667,2016/10/3
10.83666667,2016/10/4
10.84166667,2016/10/5
10.79,2016/10/6
10.72958333,2016/10/7
10.61541667,2016/10/8
10.46958333,2016/10/9
10.33,2016/10/10
10.1736,2016/10/11
10.03833333,2016/10/12
9.90125,2016/10/13
9.762916667,2016/10/14
9.630416667,2016/10/15
9.5388,2016/10/16
9.452727273,2016/10/17
9.355,2016/10/18
9.265416667,2016/10/19
9.194583333,2016/10/20
9.1675,2016/10/21
9.216,2016/10/22
9.36,2016/10/23
9.54,2016/10/24
9.685,2016/10/25
9.8124,2016/10/26
9.967083333,2016/10/27
10.15291667,2016/10/28
10.29708333,2016/10/29
10.38083333,2016/10/30
10.43041667,2016/10/31
10.45458333,2016/11/1
10.4676,2016/11/2
10.42375,2016/11/3
10.38166667,2016/11/4
10.40916667,2016/11/5
10.48125,2016/11/6
10.562,2016/11/7
10.61333333,2016/11/8
10.65958333,2016/11/9
10.65375,2016/11/10
10.62791667,2016/11/11
10.68958333,2016/11/12
10.8396,2016/11/13
11.02416667,2016/11/14
11.215,2016/11/15
11.42625,2016/11/16
11.56875,2016/11/17
11.6544,2016/11/18
11.69583333,2016/11/19
11.68583333,2016/11/20
11.63458333,2016/11/21
11.4925,2016/11/22
11.42166667,2016/11/23
11.3872,2016/11/24
11.34791667,2016/11/25
11.30666667,2016/11/26
11.23583333,2016/11/27
11.1675,2016/11/28
11.17291667,2016/11/29
11.188,2016/11/30
11.16625,2016/12/1
11.11416667,2016/12/2
11.01458333,2016/12/3
10.85791667,2016/12/4
10.70541667,2016/12/5
10.5388,2016/12/6
10.34833333,2016/12/7
10.1325,2016/12/8
9.9432,2016/12/9
9.780833333,2016/12/10
9.63125,2016/12/11
9.473333333,2016/12/12
9.362916667,2016/12/13
9.270416667,2016/12/14
9.168,2016/12/15
9.070833333,2016/12/16
8.975416667,2016/12/17
8.9075,2016/12/18
8.85125,2016/12/19
8.806666667,2016/12/20
8.764166667,2016/12/21
8.7404,2016/12/22
8.715833333,2016/12/23
8.72875,2016/12/24
8.72375,2016/12/25
8.739583333,2016/12/26
8.7725,2016/12/27
8.792083333,2016/12/28
8.8284,2016/12/29
8.847083333,2016/12/30
8.867083333,2016/12/31
8.878695652,2017/1/1
8.916666667,2017/1/2
8.9316,2017/1/3
8.91,2017/1/4
8.889166667,2017/1/5
8.931666667,2017/1/6
9.0336,2017/1/7
9.17,2017/1/8
9.2975,2017/1/9
9.3775,2017/1/10
9.459166667,2017/1/11
9.527083333,2017/1/12
9.5928,2017/1/13
9.657916667,2017/1/14
9.75875,2017/1/15
9.826666667,2017/1/16
9.882083333,2017/1/17
9.934583333,2017/1/18
9.9404,2017/1/19
9.8925,2017/1/20
9.787083333,2017/1/21
9.674583333,2017/1/22
9.586666667,2017/1/23
9.528333333,2017/1/24
9.467916667,2017/1/25
9.374,2017/1/26
9.273333333,2017/1/27
9.172083333,2017/1/28
9.09625,2017/1/29
9.02625,2017/1/30
8.927083333,2017/1/31
8.8048,2017/2/1
8.677083333,2017/2/2
8.555,2017/2/3
8.444583333,2017/2/4
8.365416667,2017/2/5
8.3276,2017/2/6
8.334166667,2017/2/7
8.36125,2017/2/8
8.330833333,2017/2/9
8.29875,2017/2/10
8.27875,2017/2/11
8.270833333,2017/2/12
8.2808,2017/2/13
8.304583333,2017/2/14
8.32875,2017/2/15
8.317083333,2017/2/16
8.294583333,2017/2/17
8.274583333,2017/2/18
8.178333333,2017/2/19
8.0788,2017/2/20
8.07625,2017/2/21
8.08125,2017/2/22
8.04625,2017/2/23
8.05625,2017/2/24
8.059166667,2017/2/25
8.08,2017/2/26
8.1656,2017/2/27
8.302083333,2017/2/28
8.4525,2017/3/1
8.605833333,2017/3/2
8.672916667,2017/3/3
8.722,2017/3/4
8.77,2017/3/5
8.8136,2017/3/6
8.83,2017/3/7
8.84173913,2017/3/8
8.857916667,2017/3/9
8.892083333,2017/3/10
8.95625,2017/3/11
9.089583333,2017/3/12
9.366666667,2017/3/13
9.6824,2017/3/14
9.987826087,2017/3/15
10.29277778,2017/3/16
10.5244,2017/3/17
10.72782609,2017/3/18
10.92833333,2017/3/19
11.24666667,2017/3/20
11.64333333,2017/3/21
12.06333333,2017/3/22
12.50521739,2017/3/23
12.93541667,2017/3/24
13.40541667,2017/3/25
13.75708333,2017/3/26
13.97166667,2017/3/27
14.08652174,2017/3/28
14.122,2017/3/29
14.10916667,2017/3/30
14.04,2017/3/31
14.13291667,2017/4/1
14.20208333,2017/4/2
14.27125,2017/4/3
14.3,2017/4/4
14.28625,2017/4/5
14.20166667,2017/4/6
14.1175,2017/4/7
14.01416667,2017/4/8
13.88291667,2017/4/9
13.94041667,2017/4/10
14.1516,2017/4/11
14.275,2017/4/12
14.405,2017/4/13
14.46625,2017/4/14
14.47416667,2017/4/15
14.43458333,2017/4/16
14.336,2017/4/17
14.27,2017/4/18
14.15666667,2017/4/19
14.00583333,2017/4/20
13.8508,2017/4/21
13.72041667,2017/4/22
13.62041667,2017/4/23
13.51166667,2017/4/24
13.44416667,2017/4/25
13.36041667,2017/4/26
13.37125,2017/4/27
13.4016,2017/4/28
13.39666667,2017/4/29
13.37583333,2017/4/30
13.33583333,2017/5/1
13.28958333,2017/5/2
13.2232,2017/5/3
13.18458333,2017/5/4
13.15125,2017/5/5
13.10666667,2017/5/6
13.0825,2017/5/7
13.118,2017/5/8
13.1525,2017/5/9
13.18333333,2017/5/10
13.21958333,2017/5/11
13.28041667,2017/5/12
13.40375,2017/5/13
13.50791667,2017/5/14
13.5804,2017/5/15
13.6675,2017/5/16
13.72166667,2017/5/17
13.71291667,2017/5/18
13.65208333,2017/5/19
13.5584,2017/5/20
13.4425,2017/5/21
13.31541667,2017/5/22
13.19416667,2017/5/23
13.07,2017/5/24
13.0368,2017/5/25
13.01625,2017/5/26
13.015,2017/5/27
13.02416667,2017/5/28
13.05291667,2017/5/29
13.05958333,2017/5/30
13.0275,2017/5/31
12.9772,2017/6/1
12.95,2017/6/2
13.01833333,2017/6/3
13.1225,2017/6/4
13.2408,2017/6/5
13.36666667,2017/6/6
13.48458333,2017/6/7
13.60916667,2017/6/8
13.7632,2017/6/9
13.92208333,2017/6/10
14.04583333,2017/6/11
14.23208333,2017/6/12
14.4884,2017/6/13
14.86166667,2017/6/14
15.2092,2017/6/15
15.42,2017/6/16
15.51833333,2017/6/17
15.59958333,2017/6/18
15.68833333,2017/6/19
15.7592,2017/6/20
15.81125,2017/6/21
15.87173913,2017/6/22
15.98,2017/6/23
16.31375,2017/6/24
16.8004,2017/6/25
17.3468,2017/6/26
17.84,2017/6/27
18.1912,2017/6/28
18.48416667,2017/6/29
18.8464,2017/6/30
19.34458333,2017/7/1
19.8536,2017/7/2
20.2664,2017/7/3
20.56791667,2017/7/4
20.7548,2017/7/5
20.82625,2017/7/6
20.79708333,2017/7/7
20.7016,2017/7/8
20.56,2017/7/9
20.45791667,2017/7/10
20.4068,2017/7/11
20.30166667,2017/7/12
20.16083333,2017/7/13
19.9968,2017/7/14
19.81541667,2017/7/15
19.6108,2017/7/16
19.40041667,2017/7/17
19.20208333,2017/7/18
18.98956522,2017/7/19
18.768,2017/7/20
18.55625,2017/7/21
18.34458333,2017/7/22
18.13625,2017/7/23
17.9444,2017/7/24
17.75708333,2017/7/25
17.58083333,2017/7/26
17.4048,2017/7/27
17.19958333,2017/7/28
16.95375,2017/7/29
16.73541667,2017/7/30
16.5624,2017/7/31
16.48791667,2017/8/1
16.44,2017/8/2
16.40875,2017/8/3
16.332,2017/8/4
16.17875,2017/8/5
15.97166667,2017/8/6
15.74208333,2017/8/7
15.5,2017/8/8
15.25041667,2017/8/9
15.07791667,2017/8/10
14.906,2017/8/11
14.81666667,2017/8/12
14.86291667,2017/8/13
15.1376,2017/8/14
15.44875,2017/8/15
15.71291667,2017/8/16
15.8544,2017/8/17
15.94416667,2017/8/18
15.95583333,2017/8/19
15.90916667,2017/8/20
15.85041667,2017/8/21
15.77625,2017/8/22
15.69708333,2017/8/23
15.58958333,2017/8/24
15.43541667,2017/8/25
15.2508,2017/8/26
15.17458333,2017/8/27
15.06333333,2017/8/28
14.89375,2017/8/29
14.71291667,2017/8/30
14.6128,2017/8/31
14.52833333,2017/9/1
14.45625,2017/9/2
14.41608696,2017/9/3
14.35458333,2017/9/4
14.29791667,2017/9/5
14.265,2017/9/6
14.23625,2017/9/7
14.22375,2017/9/8
14.19791667,2017/9/9
14.15416667,2017/9/10
14.0676,2017/9/11
14.00041667,2017/9/12
13.9873913,2017/9/13
13.9475,2017/9/14
13.90125,2017/9/15
13.84916667,2017/9/16
13.78333333,2017/9/17
13.705,2017/9/18
13.58625,2017/9/19
13.482,2017/9/20
13.43958333,2017/9/21
13.42958333,2017/9/22
13.38125,2017/9/23
13.37541667,2017/9/24
13.3544,2017/9/25
13.31541667,2017/9/26
13.2425,2017/9/27
13.17125,2017/9/28
13.2212,2017/9/29
13.23291667,2017/9/30
13.32541667,2017/10/1
13.43791667,2017/10/2
13.57666667,2017/10/3
13.75291667,2017/10/4
13.9504,2017/10/5
14.0704,2017/10/6
14.21166667,2017/10/7
14.37166667,2017/10/8
14.56166667,2017/10/9
14.71045455,2017/10/10
14.7692,2017/10/11
14.93375,2017/10/12
15.09,2017/10/13
15.1696,2017/10/14
15.23208333,2017/10/15
15.3396,2017/10/16
15.50541667,2017/10/17
15.6272,2017/10/18
15.69375,2017/10/19
15.7284,2017/10/20
15.72666667,2017/10/21
15.71375,2017/10/22
15.69,2017/10/23
15.58916667,2017/10/24
15.5252,2017/10/25
15.41166667,2017/10/26
15.26833333,2017/10/27
15.1075,2017/10/28
14.93208333,2017/10/29
14.77708333,2017/10/30
14.7016,2017/10/31
14.57833333,2017/11/1
14.43125,2017/11/2
14.27083333,2017/11/3
14.01666667,2017/11/4
13.94478261,2017/11/5
13.7852,2017/11/6
13.58041667,2017/11/7
13.35,2017/11/8
13.115,2017/11/9
12.86,2017/11/10
12.54333333,2017/11/11
12.28458333,2017/11/12
11.97166667,2017/11/13
11.6596,2017/11/14
11.37416667,2017/11/15
11.08681818,2017/11/16
10.846,2017/11/17
10.62958333,2017/11/18
10.47583333,2017/11/19
10.26708333,2017/11/20
10.0684,2017/11/21
9.895833333,2017/11/22
9.730416667,2017/11/23
9.592083333,2017/11/24
9.475,2017/11/25
9.391666667,2017/11/26
9.3504,2017/11/27
9.33,2017/11/28
9.3275,2017/11/29
9.355416667,2017/11/30
9.382083333,2017/12/1
9.397916667,2017/12/2
9.4275,2017/12/3
9.4596,2017/12/4
9.467916667,2017/12/5
9.419583333,2017/12/6
9.367083333,2017/12/7
9.303333333,2017/12/8
9.195,2017/12/9
9.069583333,2017/12/10
8.9356,2017/12/11
8.795833333,2017/12/12
8.663333333,2017/12/13
8.538333333,2017/12/14
8.425,2017/12/15
8.3324,2017/12/16
8.236666667,2017/12/17
8.16125,2017/12/18
8.102083333,2017/12/19
8.081666667,2017/12/20
8.055416667,2017/12/21
8.0224,2017/12/22
7.99375,2017/12/23
7.945416667,2017/12/24
7.876666667,2017/12/25
7.805,2017/12/26
7.752083333,2017/12/27
7.702,2017/12/28
7.662083333,2017/12/29
7.63875,2017/12/30
7.61875,2017/12/31
7.599166667,2018/1/1
7.630833333,2018/1/2
7.7196,2018/1/3
7.8775,2018/1/4
8.012916667,2018/1/5
8.092916667,2018/1/6
8.137083333,2018/1/7
8.1488,2018/1/8
8.147083333,2018/1/9
8.190833333,2018/1/10
8.315,2018/1/11
8.49125,2018/1/12
8.660833333,2018/1/13
8.811666667,2018/1/14
8.9164,2018/1/15
8.955833333,2018/1/16
8.957083333,2018/1/17
8.96,2018/1/18
8.951666667,2018/1/19
8.907916667,2018/1/20
8.856666667,2018/1/21
8.794,2018/1/22
8.752083333,2018/1/23
8.774583333,2018/1/24
8.813333333,2018/1/25
8.8625,2018/1/26
8.9,2018/1/27
8.94625,2018/1/28
9.0068,2018/1/29
9.124583333,2018/1/30
9.255,2018/1/31
9.402083333,2018/2/1
9.569166667,2018/2/2
9.7132,2018/2/3
9.807916667,2018/2/4
9.855833333,2018/2/5
9.854583333,2018/2/6
9.842083333,2018/2/7
9.8025,2018/2/8
9.7325,2018/2/9
9.63375,2018/2/10
9.498333333,2018/2/11
9.335416667,2018/2/12
9.14875,2018/2/13
8.968,2018/2/14
8.81375,2018/2/15
8.70125,2018/2/16
8.568333333,2018/2/17
8.452083333,2018/2/18
8.3576,2018/2/19
8.250833333,2018/2/20
8.170833333,2018/2/21
8.085416667,2018/2/22
7.97875,2018/2/23
7.899166667,2018/2/24
7.889583333,2018/2/25
7.902,2018/2/26
7.92375,2018/2/27
8.0075,2018/2/28
8.125833333,2018/3/1
8.2732,2018/3/2
8.4,2018/3/3
8.508333333,2018/3/4
8.742083333,2018/3/5
8.9676,2018/3/6
9.193333333,2018/3/7
9.380833333,2018/3/8
9.5304,2018/3/9
9.6275,2018/3/10
9.7,2018/3/11
9.7525,2018/3/12
9.782083333,2018/3/13
9.776,2018/3/14
9.769166667,2018/3/15
9.799166667,2018/3/16
9.815833333,2018/3/17
9.865,2018/3/18
9.9948,2018/3/19
10.18833333,2018/3/20
10.3875,2018/3/21
10.58166667,2018/3/22
10.7744,2018/3/23
10.90208333,2018/3/24
10.97291667,2018/3/25
10.97958333,2018/3/26
10.915,2018/3/27
10.8104,2018/3/28
10.6825,2018/3/29
10.56041667,2018/3/30
10.4425,2018/3/31
10.32875,2018/4/1
10.225,2018/4/2
10.13,2018/4/3
10.06,2018/4/4
10.0172,2018/4/5
10.00625,2018/4/6
9.969583333,2018/4/7
9.900416667,2018/4/8
9.820833333,2018/4/9
9.7275,2018/4/10
9.6416,2018/4/11
9.582083333,2018/4/12
9.564166667,2018/4/13
9.666363636,2018/4/14
9.945416667,2018/4/15
10.2904,2018/4/16
10.55583333,2018/4/17
10.72833333,2018/4/18
10.814,2018/4/19
10.83291667,2018/4/20
10.79375,2018/4/21
10.76791667,2018/4/22
10.85208333,2018/4/23
11.0264,2018/4/24
11.28416667,2018/4/25
11.51875,2018/4/26
11.6648,2018/4/27
11.73125,2018/4/28
11.73625,2018/4/29
11.70541667,2018/4/30
11.65958333,2018/5/1
11.6452,2018/5/2
11.64583333,2018/5/3
11.64125,2018/5/4
11.63708333,2018/5/5
11.67041667,2018/5/6
11.766,2018/5/7
11.91541667,2018/5/8
12.10916667,2018/5/9
12.32583333,2018/5/10
12.5496,2018/5/11
12.72458333,2018/5/12
12.86125,2018/5/13
12.9912,2018/5/14
13.10041667,2018/5/15
13.18,2018/5/16
13.21375,2018/5/17
13.2008,2018/5/18
13.21916667,2018/5/19
13.21592417,2018/5/20
13.2302809,2018/5/21
13.2975,2018/5/22
13.38041667,2018/5/23
13.4744,2018/5/24
13.54916667,2018/5/25
13.65291667,2018/5/26
13.815,2018/5/27
13.9584,2018/5/28
14.04208333,2018/5/29
14.10458333,2018/5/30
14.14846154,2018/5/31
14.2984,2018/6/1
14.40125,2018/6/2
14.47708333,2018/6/3
14.5176,2018/6/4
14.53958333,2018/6/5
14.56125,2018/6/6
14.55333333,2018/6/7
14.5568,2018/6/8
14.5825,2018/6/9
14.65875,2018/6/10
14.82791667,2018/6/11
14.945,2018/6/12
15.0084,2018/6/13
14.99666667,2018/6/14
14.91583333,2018/6/15
14.78708333,2018/6/16
14.63416667,2018/6/17
14.44333333,2018/6/18
14.2388,2018/6/19
14.03375,2018/6/20
13.90708333,2018/6/21
13.7928,2018/6/22
13.72458333,2018/6/23
13.71708333,2018/6/24
13.73166667,2018/6/25
13.76833333,2018/6/26
13.7592,2018/6/27
13.7225,2018/6/28
13.64041667,2018/6/29
13.59833333,2018/6/30
13.58791667,2018/7/1
13.635,2018/7/2
13.736,2018/7/3
13.90416667,2018/7/4
14.08708333,2018/7/5
14.33958333,2018/7/6
14.7408,2018/7/7
15.23125,2018/7/8
15.7548,2018/7/9
16.17583333,2018/7/10
16.37,2018/7/11
16.6568,2018/7/12
16.74833333,2018/7/13
16.85041667,2018/7/14
16.90083333,2018/7/15
16.9628,2018/7/16
17.00375,2018/7/17
17.05583333,2018/7/18
17.102,2018/7/19
17.1275,2018/7/20
17.12458333,2018/7/21
17.10708333,2018/7/22
17.1164,2018/7/23
17.05666667,2018/7/24
16.99291667,2018/7/25
16.87708333,2018/7/26
16.7732,2018/7/27
16.65666667,2018/7/28
16.55916667,2018/7/29
16.46125,2018/7/30
16.34791667,2018/7/31
16.2436,2018/8/1
16.1625,2018/8/2
16.08875,2018/8/3
16.06375,2018/8/4
16.03416667,2018/8/5
15.9964,2018/8/6
15.94625,2018/8/7
15.88916667,2018/8/8
15.8225,2018/8/9
15.7625,2018/8/10
15.67538462,2018/8/11
15.57333333,2018/8/12
15.54375,2018/8/13
15.5,2018/8/14
15.4124,2018/8/15
15.30375,2018/8/16
15.24041667,2018/8/17
15.2726087,2018/8/18
15.29130435,2018/8/19
15.25363636,2018/8/20
15.19875,2018/8/21
15.16625,2018/8/22
15.11708333,2018/8/23
15.1004,2018/8/24
15.05416667,2018/8/25
15.00833333,2018/8/26
14.98291667,2018/8/27
14.98375,2018/8/28
14.935,2018/8/29
14.844,2018/8/30
14.74791667,2018/8/31
14.66130435,2018/9/1
14.56375,2018/9/2
14.44458333,2018/9/3
14.31291667,2018/9/4
14.1992,2018/9/5
14.02416667,2018/9/6
13.83208333,2018/9/7
13.67666667,2018/9/8
13.545,2018/9/9
13.4016,2018/9/10
13.24375,2018/9/11
13.07208333,2018/9/12
12.89125,2018/9/13
12.6836,2018/9/14
12.43708333,2018/9/15
12.18375,2018/9/16
11.9468,2018/9/17
11.69166667,2018/9/18
11.39291667,2018/9/19
11.144,2018/9/20
10.94583333,2018/9/21
10.78625,2018/9/22
10.6716,2018/9/23
10.60833333,2018/9/24
10.60416667,2018/9/25
10.65125,2018/9/26
10.74541667,2018/9/27
10.85625,2018/9/28
11.0132,2018/9/29
11.22833333,2018/9/30
11.46125,2018/10/1
11.6684,2018/10/2
11.79708333,2018/10/3
11.84,2018/10/4
11.81708333,2018/10/5
11.7436,2018/10/6
11.65,2018/10/7
11.57875,2018/10/8
11.54352941,2018/10/9
11.53958333,2018/10/10
11.57833333,2018/10/11
11.6428,2018/10/12
11.695,2018/10/13
11.72875,2018/10/14
11.72458333,2018/10/15
11.66041667,2018/10/16
11.56333333,2018/10/17
11.43833333,2018/10/18
11.33458333,2018/10/19
11.2368,2018/10/20
11.14958333,2018/10/21
11.08875,2018/10/22
11.03458333,2018/10/23
11.01083333,2018/10/24
11.02,2018/10/25
11.052,2018/10/26
11.0675,2018/10/27
11.0575,2018/10/28
11.0336,2018/10/29
11.01583333,2018/10/30
10.995,2018/10/31
10.93791667,2018/11/1
10.825,2018/11/2
10.63958333,2018/11/3
10.45458333,2018/11/4
10.3324,2018/11/5
10.24208333,2018/11/6
10.18625,2018/11/7
10.09458333,2018/11/8
9.99875,2018/11/9
9.9025,2018/11/10
9.853333333,2018/11/11
9.8196,2018/11/12
9.824166667,2018/11/13
9.853333333,2018/11/14
9.917916667,2018/11/15
10.03916667,2018/11/16
10.2575,2018/11/17
10.56291667,2018/11/18
10.88,2018/11/19
11.17041667,2018/11/20
11.40666667,2018/11/21
11.56958333,2018/11/22
11.6976,2018/11/23
11.7925,2018/11/24
11.84583333,2018/11/25
11.82375,2018/11/26
11.71958333,2018/11/27
11.5432,2018/11/28
11.31291667,2018/11/29
11.04833333,2018/11/30
10.74791667,2018/12/1
10.44583333,2018/12/2
10.164,2018/12/3
9.935833333,2018/12/4
9.750416667,2018/12/5
9.659583333,2018/12/6
9.630833333,2018/12/7
9.6375,2018/12/8
9.6288,2018/12/9
9.614583333,2018/12/10
9.64875,2018/12/11
9.739166667,2018/12/12
9.8275,2018/12/13
9.92,2018/12/14
9.971666667,2018/12/15
9.96375,2018/12/16
9.917083333,2018/12/17
9.8575,2018/12/18
9.7825,2018/12/19
9.710833333,2018/12/20
9.6392,2018/12/21
9.572083333,2018/12/22
9.520416667,2018/12/23
9.439583333,2018/12/24
9.36375,2018/12/25
9.302083333,2018/12/26
9.2884,2018/12/27
9.290833333,2018/12/28
9.215833333,2018/12/29
9.116666667,2018/12/30
9.043333333,2018/12/31
8.9972,2019/1/1
8.986666667,2019/1/2
8.973333333,2019/1/3
8.999583333,2019/1/4
9.048333333,2019/1/5
9.13,2019/1/6
9.2656,2019/1/7
9.490833333,2019/1/8
9.767083333,2019/1/9
10.0136,2019/1/10
10.24541667,2019/1/11
10.4475,2019/1/12
10.6608,2019/1/13
10.91125,2019/1/14
11.12916667,2019/1/15
11.2868,2019/1/16
11.37791667,2019/1/17
11.37125,2019/1/18
11.34833333,2019/1/19
11.3252,2019/1/20
11.28291667,2019/1/21
11.20916667,2019/1/22
11.09583333,2019/1/23
10.9775,2019/1/24
10.8712,2019/1/25
10.74166667,2019/1/26
10.5775,2019/1/27
10.36,2019/1/28
10.1276,2019/1/29
9.912083333,2019/1/30
9.73625,2019/1/31
9.5556,2019/2/1
9.378333333,2019/2/2
9.240416667,2019/2/3
9.1225,2019/2/4
9.02625,2019/2/5
8.9268,2019/2/6
8.902916667,2019/2/7
8.947916667,2019/2/8
8.975833333,2019/2/9
8.96,2019/2/10
8.9528,2019/2/11
8.945217391,2019/2/12
8.984166667,2019/2/13
9.0425,2019/2/14
9.155416667,2019/2/15
9.295833333,2019/2/16
9.4796,2019/2/17
9.687083333,2019/2/18
9.965416667,2019/2/19
10.3088,2019/2/20
10.72291667,2019/2/21
11.14,2019/2/22
11.53375,2019/2/23
11.9396,2019/2/24
12.31583333,2019/2/25
12.63,2019/2/26
12.85375,2019/2/27
12.97166667,2019/2/28
13.0316,2019/3/1
13.11541667,2019/3/2
13.24791667,2019/3/3
13.44,2019/3/4
13.64375,2019/3/5
13.83,2019/3/6
13.95166667,2019/3/7
14.1028,2019/3/8
14.26458333,2019/3/9
14.3925,2019/3/10
14.47083333,2019/3/11
14.50083333,2019/3/12
14.45875,2019/3/13
14.33625,2019/3/14
14.21291667,2019/3/15
14.04166667,2019/3/16
13.85875,2019/3/17
13.6624,2019/3/18
13.45875,2019/3/19
13.25333333,2019/3/20
13.07375,2019/3/21
12.87333333,2019/3/22
12.8025,2019/3/23
12.745,2019/3/24
12.67916667,2019/3/25
12.60541667,2019/3/26
12.55541667,2019/3/27
12.5064,2019/3/28
12.47208333,2019/3/29
12.46041667,2019/3/30
12.44416667,2019/3/31
12.46041667,2019/4/1
12.418,2019/4/2
12.42375,2019/4/3
12.44375,2019/4/4
12.43375,2019/4/5
12.4125,2019/4/6
12.41083333,2019/4/7
12.4052,2019/4/8
12.41416667,2019/4/9
12.3575,2019/4/10
12.30916667,2019/4/11
12.2488,2019/4/12
12.16875,2019/4/13
12.10291667,2019/4/14
12.06791667,2019/4/15
12.05125,2019/4/16
12.0475,2019/4/17
12.0488,2019/4/18
12.07958333,2019/4/19
12.14541667,2019/4/20
12.22791667,2019/4/21
12.33708333,2019/4/22
12.44916667,2019/4/23
12.5336,2019/4/24
12.61666667,2019/4/25
12.655,2019/4/26
12.74791667,2019/4/27
12.93041667,2019/4/28
13.0512,2019/4/29
13.18291667,2019/4/30
13.30125,2019/5/1
13.41166667,2019/5/2
13.51416667,2019/5/3
13.56791667,2019/5/4
13.5824,2019/5/5
13.52666667,2019/5/6
13.48125,2019/5/7
13.47375,2019/5/8
13.48583333,2019/5/9
13.5208,2019/5/10
13.56,2019/5/11
13.56958333,2019/5/12
13.54958333,2019/5/13
13.54708333,2019/5/14
13.61958333,2019/5/15
13.73,2019/5/16
13.86583333,2019/5/17
14.03833333,2019/5/18
14.24375,2019/5/19
14.4604,2019/5/20
14.7725,2019/5/21
15.1172,2019/5/22
15.39291667,2019/5/23
15.5908,2019/5/24
15.76333333,2019/5/25
15.97208333,2019/5/26
16.212,2019/5/27
16.28291667,2019/5/28
16.4275,2019/5/29
16.458,2019/5/30
16.48833333,2019/5/31
16.49875,2019/6/1
16.48916667,2019/6/2
16.4544,2019/6/3
16.415,2019/6/4
16.35291667,2019/6/5
16.2956,2019/6/6
16.23833333,2019/6/7
16.20958333,2019/6/8
16.26666667,2019/6/9
16.4196,2019/6/10
16.6055,2019/6/11
16.876,2019/6/12
17.05083333,2019/6/13
17.174,2019/6/14
17.29958333,2019/6/15
17.39375,2019/6/16
17.4656,2019/6/17
17.53041667,2019/6/18
17.54208333,2019/6/19
17.5424,2019/6/20
17.57291667,2019/6/21
17.71875,2019/6/22
17.88541667,2019/6/23
18.0812,2019/6/24
18.2225,2019/6/25
18.275,2019/6/26
18.26333333,2019/6/27
18.2276,2019/6/28
18.16083333,2019/6/29
18.10916667,2019/6/30
18.03291667,2019/7/1
17.96916667,2019/7/2
17.946,2019/7/3
17.96791667,2019/7/4
18.045,2019/7/5
18.15166667,2019/7/6
18.24125,2019/7/7
18.2932,2019/7/8
18.3575,2019/7/9
18.616,2019/7/10
19.0512,2019/7/11
19.47,2019/7/12
19.7708,2019/7/13
20.068,2019/7/14
20.28958333,2019/7/15
20.3988,2019/7/16
20.43875,2019/7/17
20.4296,2019/7/18
20.32875,2019/7/19
20.2016,2019/7/20
20.03958333,2019/7/21
19.87958333,2019/7/22
19.7156,2019/7/23
19.5375,2019/7/24
19.37916667,2019/7/25
19.2256,2019/7/26
19.06875,2019/7/27
18.90916667,2019/7/28
18.74458333,2019/7/29
18.5792,2019/7/30
18.41875,2019/7/31
18.27375,2019/8/1
18.135,2019/8/2
17.9892,2019/8/3
17.8775,2019/8/4
17.77541667,2019/8/5
17.67666667,2019/8/6
17.55666667,2019/8/7
17.4084,2019/8/8
17.25125,2019/8/9
17.14583333,2019/8/10
17.11166667,2019/8/11
17.076,2019/8/12
16.97833333,2019/8/13
16.84666667,2019/8/14
16.74,2019/8/15
16.636,2019/8/16
16.50333333,2019/8/17
16.33125,2019/8/18
16.15416667,2019/8/19
15.99958333,2019/8/20
15.8336,2019/8/21
15.6175,2019/8/22
15.4075,2019/8/23
15.18958333,2019/8/24
14.97208333,2019/8/25
14.8516,2019/8/26
14.66291667,2019/8/27
14.44958333,2019/8/28
14.2436,2019/8/29
14.14125,2019/8/30
13.98458333,2019/8/31
13.8296,2019/9/1
13.70541667,2019/9/2
13.5425,2019/9/3
13.35208333,2019/9/4
13.16291667,2019/9/5
12.9612,2019/9/6
12.74333333,2019/9/7
12.44958333,2019/9/8
12.1112,2019/9/9
11.76041667,2019/9/10
11.42958333,2019/9/11
11.1248,2019/9/12
10.84416667,2019/9/13
10.62,2019/9/14
10.4676,2019/9/15
10.34458333,2019/9/16
10.24041667,2019/9/17
10.13541667,2019/9/18
10.08916667,2019/9/19
10.18,2019/9/20
10.4568,2019/9/21
10.8316,2019/9/22
11.11166667,2019/9/23
11.2528,2019/9/24
11.29125,2019/9/25
11.27625,2019/9/26
11.248,2019/9/27
11.22791667,2019/9/28
11.20375,2019/9/29
11.16333333,2019/9/30
11.12333333,2019/10/1
11.0384,2019/10/2
10.88791667,2019/10/3
10.67375,2019/10/4
10.41333333,2019/10/5
10.22416667,2019/10/6
10.0172,2019/10/7
9.855,2019/10/8
9.75625,2019/10/9
9.700833333,2019/10/10
9.7176,2019/10/11
9.7825,2019/10/12
9.849583333,2019/10/13
9.9184,2019/10/14
10.01708333,2019/10/15
10.07,2019/10/16
10.0976,2019/10/17
10.11833333,2019/10/18
10.1325,2019/10/19
10.14041667,2019/10/20
10.1,2019/10/21
10.0075,2019/10/22
9.907916667,2019/10/23
9.778333333,2019/10/24
9.6712,2019/10/25
9.587083333,2019/10/26
9.502916667,2019/10/27
9.432916667,2019/10/28
9.414583333,2019/10/29
9.4532,2019/10/30
9.529166667,2019/10/31
9.63,2019/11/1
9.740416667,2019/11/2
9.842916667,2019/11/3
9.92,2019/11/4
9.980833333,2019/11/5
10.01916667,2019/11/6
10.02041667,2019/11/7
9.996,2019/11/8
9.935,2019/11/9
9.830833333,2019/11/10
9.71125,2019/11/11
9.595833333,2019/11/12
9.5076,2019/11/13
9.409583333,2019/11/14
9.291666667,2019/11/15
9.17375,2019/11/16
9.06125,2019/11/17
8.962916667,2019/11/18
8.7744,2019/11/19
8.600833333,2019/11/20
8.434166667,2019/11/21
8.281666667,2019/11/22
8.1664,2019/11/23
8.051666667,2019/11/24
8.06,2019/11/25
8.030416667,2019/11/26
7.964583333,2019/11/27
7.9668,2019/11/28
7.959583333,2019/11/29
7.8925,2019/11/30
7.79375,2019/12/1
7.670416667,2019/12/2
7.522916667,2019/12/3
7.43,2019/12/4
7.35125,2019/12/5
7.318333333,2019/12/6
7.3175,2019/12/7
7.309166667,2019/12/8
7.290833333,2019/12/9
7.29,2019/12/10
7.30625,2019/12/11
7.346666667,2019/12/12
7.39875,2019/12/13
7.45625,2019/12/14
7.510833333,2019/12/15
7.5388,2019/12/16
7.542083333,2019/12/17
7.540833333,2019/12/18
7.513333333,2019/12/19
7.4384,2019/12/20
7.387727273,2019/12/21
7.355833333,2019/12/22
7.339166667,2019/12/23
7.3625,2019/12/24
7.407083333,2019/12/25
7.475833333,2019/12/26
7.504166667,2019/12/27
7.539583333,2019/12/28
7.570833333,2019/12/29
7.615833333,2019/12/30
7.693333333,2019/12/31
7.6916,2020/1/1
7.63375,2020/1/2
7.59375,2020/1/3
7.57625,2020/1/4
7.549583333,2020/1/5
7.555,2020/1/6
7.5656,2020/1/7
7.595833333,2020/1/8
7.660833333,2020/1/9
7.76125,2020/1/10
7.868333333,2020/1/11
7.998333333,2020/1/12
8.1104,2020/1/13
8.232083333,2020/1/14
8.370416667,2020/1/15
8.505416667,2020/1/16
8.5748,2020/1/17
8.614583333,2020/1/18
8.64,2020/1/19
8.670416667,2020/1/20
8.71125,2020/1/21
8.772916667,2020/1/22
8.8524,2020/1/23
8.920833333,2020/1/24
8.992916667,2020/1/25
9.130416667,2020/1/26
9.356666667,2020/1/27
9.6732,2020/1/28
9.981666667,2020/1/29
10.17625,2020/1/30
10.2372,2020/1/31
10.18791667,2020/2/1
10.08791667,2020/2/2
9.932916667,2020/2/3
9.7532,2020/2/4
9.569166667,2020/2/5
9.455416667,2020/2/6
9.384583333,2020/2/7
9.32625,2020/2/8
9.33875,2020/2/9
9.398,2020/2/10
9.499166667,2020/2/11
9.600833333,2020/2/12
9.681666667,2020/2/13
9.784583333,2020/2/14
9.939166667,2020/2/15
10.0664,2020/2/16
10.1225,2020/2/17
10.23416667,2020/2/18
10.37208333,2020/2/19
10.50916667,2020/2/20
10.6,2020/2/21
10.58666667,2020/2/22
10.51958333,2020/2/23
10.42208333,2020/2/24
10.32125,2020/2/25
10.22583333,2020/2/26
10.14583333,2020/2/27
10.0548,2020/2/28
9.9825,2020/2/29
9.937083333,2020/3/1
9.912916667,2020/3/2
9.905416667,2020/3/3
9.925833333,2020/3/4
9.9724,2020/3/5
10.07958333,2020/3/6
10.23125,2020/3/7
10.43125,2020/3/8
10.75458333,2020/3/9
11.0412,2020/3/10
11.2775,2020/3/11
11.47291667,2020/3/12
11.6288,2020/3/13
11.74833333,2020/3/14
11.84541667,2020/3/15
11.88458333,2020/3/16
11.90958333,2020/3/17
11.88125,2020/3/18
11.81333333,2020/3/19
11.7312,2020/3/20
11.65291667,2020/3/21
11.62625,2020/3/22
11.645,2020/3/23
11.67875,2020/3/24
11.67583333,2020/3/25
11.68,2020/3/26
11.68958333,2020/3/27
11.755,2020/3/28
11.91458333,2020/3/29
12.10916667,2020/3/30
12.3692,2020/3/31
12.71083333,2020/4/1
13.064,2020/4/2
13.34875,2020/4/3
13.57208333,2020/4/4
13.776,2020/4/5
13.98416667,2020/4/6
14.15083333,2020/4/7
14.2392,2020/4/8
14.26208333,2020/4/9
14.23208333,2020/4/10
14.06583333,2020/4/11
13.95666667,2020/4/12
13.815,2020/4/13
13.6716,2020/4/14
13.50833333,2020/4/15
13.33416667,2020/4/16
13.1392,2020/4/17
12.94833333,2020/4/18
12.8225,2020/4/19
12.67958333,2020/4/20
12.56791667,2020/4/21
12.5096,2020/4/22
12.435,2020/4/23
12.35833333,2020/4/24
12.25541667,2020/4/25
12.13916667,2020/4/26
12.0125,2020/4/27
11.86875,2020/4/28
11.692,2020/4/29
11.46,2020/4/30
11.21208333,2020/5/1
10.9572,2020/5/2
10.68916667,2020/5/3
10.43541667,2020/5/4
10.29333333,2020/5/5
10.1772,2020/5/6
10.07291667,2020/5/7
10.04083333,2020/5/8
10.17208333,2020/5/9
10.39541667,2020/5/10
10.6088,2020/5/11
10.7375,2020/5/12
10.78333333,2020/5/13
10.81,2020/5/14
10.8664,2020/5/15
10.93041667,2020/5/16
11.02541667,2020/5/17
11.165,2020/5/18
11.31208333,2020/5/19
11.4032,2020/5/20
11.44333333,2020/5/21
11.45416667,2020/5/22
11.43791667,2020/5/23
11.39875,2020/5/24
11.34125,2020/5/25
11.3108,2020/5/26
11.25333333,2020/5/27
11.15708333,2020/5/28
11.06666667,2020/5/29
11.0525,2020/5/30
11.11541667,2020/5/31
11.298,2020/6/1
11.56583333,2020/6/2
11.9724,2020/6/3
12.41333333,2020/6/4
12.9276,2020/6/5
13.50583333,2020/6/6
14.124,2020/6/7
14.64208333,2020/6/8
14.9724,2020/6/9
15.19625,2020/6/10
15.39083333,2020/6/11
15.5568,2020/6/12
15.6825,2020/6/13
15.77583333,2020/6/14
15.84791667,2020/6/15
15.87205882,2020/6/16
15.8776,2020/6/17
15.78583333,2020/6/18
15.72696429,2020/6/19
15.715,2020/6/20
15.72051282,2020/6/21
15.835,2020/6/22
16.0088,2020/6/23
16.22269231,2020/6/24
16.4316,2020/6/25
16.71291667,2020/6/26
17.0004,2020/6/27
17.22125,2020/6/28
17.42041667,2020/6/29
17.6408,2020/6/30
17.8475,2020/7/1
18.0584,2020/7/2
18.3475,2020/7/3
18.754,2020/7/4
19.2425,2020/7/5
19.6848,2020/7/6
20.0116,2020/7/7
20.5876,2020/7/8
21.1404,2020/7/9
21.6496,2020/7/10
22.11346154,2020/7/11
22.42384615,2020/7/12
22.43208333,2020/7/13
22.3132,2020/7/14
22.135,2020/7/15
21.97,2020/7/16
21.86807692,2020/7/17
21.77416667,2020/7/18
21.65458333,2020/7/19
21.6624,2020/7/20
21.7025,2020/7/21
21.67458333,2020/7/22
21.588,2020/7/23
21.44291667,2020/7/24
21.36583333,2020/7/25
21.3128,2020/7/26
21.25916667,2020/7/27
21.26416667,2020/7/28
21.2516,2020/7/29
21.22791667,2020/7/30
21.17083333,2020/7/31
21.088,2020/8/1
21.00208333,2020/8/2
20.87958333,2020/8/3
20.75708333,2020/8/4
20.6668,2020/8/5
20.52625,2020/8/6
20.36041667,2020/8/7
20.20291667,2020/8/8
20.0468,2020/8/9
19.91583333,2020/8/10
19.85375,2020/8/11
19.7825,2020/8/12
19.6816,2020/8/13
19.59,2020/8/14
19.4825,2020/8/15
19.38291667,2020/8/16
19.27708333,2020/8/17
19.1824,2020/8/18
19.10416667,2020/8/19
19.01666667,2020/8/20
18.9425,2020/8/21
18.94375,2020/8/22
18.95458333,2020/8/23
18.9828,2020/8/24
18.97,2020/8/25
19.0148,2020/8/26
19.0555,2020/8/27
19.06521739,2020/8/28
19.0892,2020/8/29
19.07875,2020/8/30
19.0125,2020/8/31
18.9488,2020/9/1
18.8975,2020/9/2
18.82958333,2020/9/3
18.7504,2020/9/4
18.62958333,2020/9/5
18.49875,2020/9/6
18.36875,2020/9/7
18.26166667,2020/9/8
18.13833333,2020/9/9
17.99541667,2020/9/10
17.89333333,2020/9/11
17.84333333,2020/9/12
17.73916667,2020/9/13
17.6436,2020/9/14
17.53791667,2020/9/15
17.43416667,2020/9/16
17.30458333,2020/9/17
17.4024,2020/9/18
17.50666667,2020/9/19
17.56041667,2020/9/20
17.67708333,2020/9/21
17.7668,2020/9/22
17.885,2020/9/23
17.97958333,2020/9/24
18.0412,2020/9/25
18.05916667,2020/9/26
18.055,2020/9/27
18.04291667,2020/9/28
18.0075,2020/9/29
17.9432,2020/9/30
17.90666667,2020/10/1
17.83791667,2020/10/2
17.72041667,2020/10/3
17.535,2020/10/4
17.47375,2020/10/5
17.4932,2020/10/6
17.44083333,2020/10/7
17.39583333,2020/10/8
17.36875,2020/10/9
17.30125,2020/10/10
17.23375,2020/10/11
17.1204,2020/10/12
17.01583333,2020/10/13
16.91,2020/10/14
16.81333333,2020/10/15
16.7556,2020/10/16
16.70833333,2020/10/17
16.69958333,2020/10/18
16.645,2020/10/19
16.57166667,2020/10/20
16.50166667,2020/10/21
16.41791667,2020/10/22
16.31208333,2020/10/23
16.20416667,2020/10/24
16.10291667,2020/10/25
15.9716,2020/10/26
15.82458333,2020/10/27
15.63041667,2020/10/28
15.49333333,2020/10/29
15.3748,2020/10/30
15.21083333,2020/10/31
15.03708333,2020/11/1
14.86041667,2020/11/2
14.65583333,2020/11/3
14.5124,2020/11/4
14.37625,2020/11/5
14.19708333,2020/11/6
13.99416667,2020/11/7
13.772,2020/11/8
13.56666667,2020/11/9
13.34583333,2020/11/10
13.11333333,2020/11/11
12.8884,2020/11/12
12.62208333,2020/11/13
12.35666667,2020/11/14
12.0884,2020/11/15
11.805,2020/11/16
11.54333333,2020/11/17
11.2812,2020/11/18
11.05125,2020/11/19
10.83125,2020/11/20
10.63541667,2020/11/21
10.4332,2020/11/22
10.22375,2020/11/23
10.03791667,2020/11/24
9.880833333,2020/11/25
9.8152,2020/11/26
9.80375,2020/11/27
9.799166667,2020/11/28
9.78125,2020/11/29
9.725,2020/11/30
9.6652,2020/12/1
9.584166667,2020/12/2
9.480833333,2020/12/3
9.378333333,2020/12/4
9.252083333,2020/12/5
9.134,2020/12/6
9.02625,2020/12/7
8.924166667,2020/12/8
8.813333333,2020/12/9
8.745,2020/12/10
8.6948,2020/12/11
8.657083333,2020/12/12
8.63875,2020/12/13
8.684583333,2020/12/14
8.696,2020/12/15
8.722083333,2020/12/16
8.800416667,2020/12/17
8.87375,2020/12/18
8.97375,2020/12/19
9.060833333,2020/12/20
9.0856,2020/12/21
9.062083333,2020/12/22
9.014583333,2020/12/23
8.938333333,2020/12/24
8.855416667,2020/12/25
8.784583333,2020/12/26
8.697916667,2020/12/27
8.617083333,2020/12/28
8.572916667,2020/12/29
8.545416667,2020/12/30
8.4028,2020/12/31
8.27,2021/1/1
8.235,2021/1/2
8.291666667,2021/1/3
8.355416667,2021/1/4
8.386666667,2021/1/5
8.38875,2021/1/6
8.382083333,2021/1/7
8.345416667,2021/1/8
8.339583333,2021/1/9
8.453333333,2021/1/10
8.667916667,2021/1/11
8.885416667,2021/1/12
9.032916667,2021/1/13
9.155416667,2021/1/14
9.239166667,2021/1/15
9.283333333,2021/1/16
9.3025,2021/1/17
9.186666667,2021/1/18
9.067916667,2021/1/19
8.975833333,2021/1/20
8.889583333,2021/1/21
8.809166667,2021/1/22
8.719583333,2021/1/23
8.614583333,2021/1/24
8.5175,2021/1/25
8.403333333,2021/1/26
8.290833333,2021/1/27
8.220833333,2021/1/28
8.155833333,2021/1/29
8.0975,2021/1/30
8.06,2021/1/31
8.079166667,2021/2/1
8.1,2021/2/2
8.110416667,2021/2/3
8.122916667,2021/2/4
8.109583333,2021/2/5
8.065833333,2021/2/6
7.997083333,2021/2/7
7.999583333,2021/2/8
8.043333333,2021/2/9
8.048333333,2021/2/10
8.078333333,2021/2/11
8.128333333,2021/2/12
8.18625,2021/2/13
8.284583333,2021/2/14
8.3725,2021/2/15
8.440416667,2021/2/16
8.43,2021/2/17
8.365416667,2021/2/18
8.280833333,2021/2/19
8.175416667,2021/2/20
8.091666667,2021/2/21
8.0275,2021/2/22
8.007083333,2021/2/23
8.054583333,2021/2/24
8.105416667,2021/2/25
8.169583333,2021/2/26
8.23625,2021/2/27
8.295,2021/2/28
8.463333333,2021/3/1
8.608333333,2021/3/2
8.714166667,2021/3/3
8.805416667,2021/3/4
8.886666667,2021/3/5
8.997083333,2021/3/6
9.177083333,2021/3/7
9.359166667,2021/3/8
9.515416667,2021/3/9
9.648333333,2021/3/10
9.766666667,2021/3/11
9.91,2021/3/12
10.07,2021/3/13
10.26666667,2021/3/14
10.4575,2021/3/15
10.64333333,2021/3/16
10.77956522,2021/3/17
10.90958333,2021/3/18
11.01458333,2021/3/19
11.14666667,2021/3/20
11.22041667,2021/3/21
11.22708333,2021/3/22
11.20125,2021/3/23
11.13041667,2021/3/24
11.04041667,2021/3/25
10.92708333,2021/3/26
10.80458333,2021/3/27
10.67083333,2021/3/28
10.52375,2021/3/29
10.41083333,2021/3/30
10.38166667,2021/3/31
10.46583333,2021/4/1
10.64916667,2021/4/2
10.88291667,2021/4/3
11.04125,2021/4/4
11.19583333,2021/4/5
11.32291667,2021/4/6
11.41708333,2021/4/7
11.50333333,2021/4/8
11.61291667,2021/4/9
11.70291667,2021/4/10
11.79541667,2021/4/11
11.88625,2021/4/12
11.98416667,2021/4/13
12.12875,2021/4/14
12.31333333,2021/4/15
12.48958333,2021/4/16
12.63875,2021/4/17
12.75208333,2021/4/18
12.84416667,2021/4/19
12.82833333,2021/4/20
12.77125,2021/4/21
12.76333333,2021/4/22
12.7875,2021/4/23
12.81083333,2021/4/24
12.89166667,2021/4/25
13.11375,2021/4/26
13.33458333,2021/4/27
13.515,2021/4/28
13.69125,2021/4/29
13.80083333,2021/4/30
13.86125,2021/5/1
13.89708333,2021/5/2
13.9475,2021/5/3
13.93,2021/5/4
13.8775,2021/5/5
13.82208333,2021/5/6
13.75,2021/5/7
13.67083333,2021/5/8
13.60166667,2021/5/9
13.58583333,2021/5/10
13.70458333,2021/5/11
13.84958333,2021/5/12
14.07458333,2021/5/13
14.30875,2021/5/14
14.55541667,2021/5/15
14.91458333,2021/5/16
15.30125,2021/5/17
15.66666667,2021/5/18
15.93708333,2021/5/19
16.18583333,2021/5/20
16.49,2021/5/21
16.84583333,2021/5/22
17.36791667,2021/5/23
17.97708333,2021/5/24
18.43083333,2021/5/25
18.65583333,2021/5/26
18.75583333,2021/5/27
18.8025,2021/5/28
18.81833333,2021/5/29
18.78916667,2021/5/30
18.765,2021/5/31
18.7025,2021/6/1
18.58083333,2021/6/2
18.46416667,2021/6/3
18.4,2021/6/4
18.42333333,2021/6/5
18.39791667,2021/6/6
18.30291667,2021/6/7
18.17,2021/6/8
18.00625,2021/6/9
17.82125,2021/6/10
17.66208333,2021/6/11
17.49666667,2021/6/12
17.32375,2021/6/13
17.14875,2021/6/14
16.94833333,2021/6/15
16.70791667,2021/6/16
16.47416667,2021/6/17
16.20916667,2021/6/18
15.97666667,2021/6/19
15.81541667,2021/6/20
15.64125,2021/6/21
15.48083333,2021/6/22
15.30541667,2021/6/23
15.11708333,2021/6/24
14.93,2021/6/25
14.75416667,2021/6/26
14.62333333,2021/6/27
14.56625,2021/6/28
14.54208333,2021/6/29
14.54166667,2021/6/30
14.71208333,2021/7/1
15.21916667,2021/7/2
15.89375,2021/7/3
16.37208333,2021/7/4
16.62166667,2021/7/5
16.72041667,2021/7/6
16.74333333,2021/7/7
16.7275,2021/7/8
16.72083333,2021/7/9
16.72583333,2021/7/10
16.72375,2021/7/11
16.69708333,2021/7/12
16.635,2021/7/13
16.575,2021/7/14
16.52458333,2021/7/15
16.48083333,2021/7/16
16.43333333,2021/7/17
16.49125,2021/7/18
16.54875,2021/7/19
16.59916667,2021/7/20
16.64083333,2021/7/21
16.60583333,2021/7/22
16.56833333,2021/7/23
16.56583333,2021/7/24
16.57541667,2021/7/25
16.64291667,2021/7/26
16.61416667,2021/7/27
16.62333333,2021/7/28
16.59666667,2021/7/29
16.58833333,2021/7/30
16.50791667,2021/7/31
16.39833333,2021/8/1
16.27541667,2021/8/2
16.10541667,2021/8/3
15.93833333,2021/8/4
15.82666667,2021/8/5
15.645,2021/8/6
15.47958333,2021/8/7
15.30833333,2021/8/8
15.1325,2021/8/9
14.99666667,2021/8/10
14.92625,2021/8/11
14.92625,2021/8/12
15.02625,2021/8/13
15.27208333,2021/8/14
15.62625,2021/8/15
15.88291667,2021/8/16
16.03333333,2021/8/17
16.16791667,2021/8/18
16.23666667,2021/8/19
16.25916667,2021/8/20
16.24083333,2021/8/21
16.22375,2021/8/22
16.18375,2021/8/23
16.13666667,2021/8/24
16.18666667,2021/8/25
16.27583333,2021/8/26
16.35416667,2021/8/27
16.50041667,2021/8/28
16.63375,2021/8/29
16.73458333,2021/8/30
16.81708333,2021/8/31
16.86333333,2021/9/1
16.89166667,2021/9/2
16.9575,2021/9/3
17.01291667,2021/9/4
17.02208333,2021/9/5
16.97,2021/9/6
16.98666667,2021/9/7
17.04083333,2021/9/8
17.07291667,2021/9/9
17.06875,2021/9/10
17.04375,2021/9/11
16.99666667,2021/9/12
17.01041667,2021/9/13
17.0225,2021/9/14
16.99375,2021/9/15
16.95583333,2021/9/16
16.87875,2021/9/17
16.825,2021/9/18
16.78958333,2021/9/19
16.68958333,2021/9/20
16.73291667,2021/9/21
16.70208333,2021/9/22
16.66083333,2021/9/23
16.63708333,2021/9/24
16.60916667,2021/9/25
16.56333333,2021/9/26
16.49833333,2021/9/27
16.47666667,2021/9/28
16.45458333,2021/9/29
16.42625,2021/9/30
16.44458333,2021/10/1
16.42416667,2021/10/2
16.40708333,2021/10/3
16.35666667,2021/10/4
16.2625,2021/10/5
16.11666667,2021/10/6
15.95083333,2021/10/7
15.87458333,2021/10/8
15.87125,2021/10/9
15.74,2021/10/10
15.53375,2021/10/11
15.5325,2021/10/12
15.45416667,2021/10/13
15.41166667,2021/10/14
15.23541667,2021/10/15
14.9875,2021/10/16
14.93625,2021/10/17
14.90166667,2021/10/18
14.72458333,2021/10/19
14.49875,2021/10/20
14.3775,2021/10/21
14.27875,2021/10/22
14.16041667,2021/10/23
14.02583333,2021/10/24
13.86333333,2021/10/25
13.70625,2021/10/26
13.5275,2021/10/27
13.33083333,2021/10/28
13.09791667,2021/10/29
12.83041667,2021/10/30
12.54375,2021/10/31
12.24833333,2021/11/1
11.95125,2021/11/2
11.68083333,2021/11/3
11.4675,2021/11/4
11.34541667,2021/11/5
11.32875,2021/11/6
11.34208333,2021/11/7
11.33625,2021/11/8
11.25083333,2021/11/9
11.20083333,2021/11/10
11.15708333,2021/11/11
11.10166667,2021/11/12
11.01,2021/11/13
10.88791667,2021/11/14
10.74041667,2021/11/15
10.61,2021/11/16
10.49416667,2021/11/17
10.37291667,2021/11/18
10.24875,2021/11/19
10.12916667,2021/11/20
10.0375,2021/11/21
9.960833333,2021/11/22
9.837083333,2021/11/23
9.725833333,2021/11/24
9.6375,2021/11/25
9.6,2021/11/26
9.594166667,2021/11/27
9.58375,2021/11/28
9.5225,2021/11/29
9.44875,2021/11/30
9.335416667,2021/12/1
9.187916667,2021/12/2
9.043333333,2021/12/3
8.915,2021/12/4
8.829583333,2021/12/5
8.765416667,2021/12/6
8.7275,2021/12/7
8.679166667,2021/12/8
8.59125,2021/12/9
8.48,2021/12/10
8.365,2021/12/11
8.261666667,2021/12/12
8.153333333,2021/12/13
8.006666667,2021/12/14
7.824583333,2021/12/15
7.750416667,2021/12/16
7.71,2021/12/17
7.670416667,2021/12/18
7.613333333,2021/12/19
7.570416667,2021/12/20
7.5625,2021/12/21
7.58125,2021/12/22
7.617083333,2021/12/23
7.662083333,2021/12/24
7.759166667,2021/12/25
7.745833333,2021/12/26
7.64,2021/12/27
7.522916667,2021/12/28
7.451666667,2021/12/29
7.43,2021/12/30
7.465833333,2021/12/31
